global_step,phase,eval_level,mean_reward_per_step,mean_episode_reward,stable_success_rate,capture_rate,mean_maintain_max_stable,mean_length
10000,nominal,0.0,-14.446473053826805,-5778.589221530722,0.0,0.0,0.0,400.0
20000,nominal,0.0,-14.948101423623001,-5979.2405694492,0.0,0.0,0.0,400.0
30000,nominal,0.0,-14.976523602079679,-5990.609440831871,0.0,0.0,0.0,400.0
40000,randomized,0.5,-12.03769247285162,-4815.076989140648,0.0,0.0,0.0,400.0
