{
  "episodes": 2,
  "randomization_level": 0.5,
  "mean_episode_reward": -5652.360447906783,
  "mean_reward_per_step": -14.130901119766957,
  "mean_length": 400.0,
  "mean_maintain_max_stable": 0.0,
  "stable_success_rate": 0.0,
  "capture_rate": 0.0,
  "mean_abs_theta": 7.338510535172772,
  "mean_abs_theta_dot": 7.896746637774671,
  "mean_abs_alpha": 2.7905911820685265,
  "mean_abs_alpha_dot": 1.075382954750741,
  "mean_abs_pwm": 150.0,
  "step": 40000,
  "phase": "randomized",
  "stage_name": "smoke_dr_0.10",
  "training_level": 0.1,
  "eval_randomization_level": 0.5
}