{
  "algorithm": "PPO",
  "timesteps": 81920,
  "total": 75000,
  "percent": 100.0,
  "fps": 2154.4725070069594,
  "elapsed_s": 38.02322830000048,
  "eta_s": 0.0
}