{
  "episodes": 2,
  "randomization_level": 0.5,
  "mean_episode_reward": -5590.652978274478,
  "mean_reward_per_step": -13.976632445686196,
  "mean_length": 400.0,
  "mean_maintain_max_stable": 0.0,
  "stable_success_rate": 0.0,
  "capture_rate": 0.0,
  "mean_abs_theta": 4.15867380788773,
  "mean_abs_theta_dot": 5.061215930430982,
  "mean_abs_alpha": 2.8208612352082127,
  "mean_abs_alpha_dot": 2.081489988734893,
  "mean_abs_pwm": 120.0,
  "step": 40000,
  "phase": "randomized",
  "stage_name": "smoke_dr_0.10",
  "training_level": 0.1,
  "eval_randomization_level": 0.5
}