{
  "algorithm": "PPO",
  "timesteps": 2007040,
  "total": 2000000,
  "percent": 100.0,
  "fps": 2540.587547483457,
  "elapsed_s": 789.9904893999992,
  "eta_s": 0.0
}