{
  "algorithm": "PPO",
  "timesteps": 81920,
  "total": 75000,
  "percent": 100.0,
  "fps": 2035.3576962386494,
  "elapsed_s": 40.24845370000003,
  "eta_s": 0.0
}