{
  "episodes": 2,
  "randomization_level": 0.5,
  "mean_episode_reward": -4300.93385396959,
  "mean_reward_per_step": -10.752334634923976,
  "mean_length": 400.0,
  "mean_maintain_max_stable": 0.0,
  "stable_success_rate": 0.0,
  "capture_rate": 0.0,
  "mean_abs_theta": 1.8835695280521865,
  "mean_abs_theta_dot": 4.3631127009378226,
  "mean_abs_alpha": 2.282777435655306,
  "mean_abs_alpha_dot": 6.245236984076737,
  "mean_abs_pwm": 141.675,
  "step": 40000,
  "phase": "randomized",
  "stage_name": "smoke_dr_0.10",
  "training_level": 0.1,
  "eval_randomization_level": 0.5
}