{
  "episodes": 2,
  "randomization_level": 0.5,
  "mean_episode_reward": -4760.181648722115,
  "mean_reward_per_step": -11.900454121805287,
  "mean_length": 400.0,
  "mean_maintain_max_stable": 0.0,
  "stable_success_rate": 0.0,
  "capture_rate": 0.0,
  "mean_abs_theta": 10.026445091882724,
  "mean_abs_theta_dot": 10.875593160897044,
  "mean_abs_alpha": 2.3475778186251954,
  "mean_abs_alpha_dot": 1.049594791296849,
  "mean_abs_pwm": 150.0,
  "step": 40000,
  "phase": "randomized",
  "stage_name": "smoke_dr_0.10",
  "training_level": 0.1,
  "eval_randomization_level": 0.5
}