{
  "episodes": 2,
  "randomization_level": 0.5,
  "mean_episode_reward": -5982.9650855861855,
  "mean_reward_per_step": -14.957412713965464,
  "mean_length": 400.0,
  "mean_maintain_max_stable": 0.0,
  "stable_success_rate": 0.0,
  "capture_rate": 0.0,
  "mean_abs_theta": 3.400598571995903,
  "mean_abs_theta_dot": 3.6989848786055166,
  "mean_abs_alpha": 3.0913551505581185,
  "mean_abs_alpha_dot": 0.44227732717665347,
  "mean_abs_pwm": 60.0,
  "step": 40000,
  "phase": "randomized",
  "stage_name": "smoke_dr_0.10",
  "training_level": 0.1,
  "eval_randomization_level": 0.5
}