{
  "algorithm": "PPO",
  "timesteps": 500000,
  "total": 2000000,
  "percent": 25.0,
  "fps": 2873.152994890116,
  "elapsed_s": 174.02484340000228,
  "eta_s": 522.0745302000068
}