{
  "algorithm": "PPO",
  "timesteps": 81920,
  "total": 75000,
  "percent": 100.0,
  "fps": 2068.3769777623593,
  "elapsed_s": 39.60593300000073,
  "eta_s": 0.0
}