{
  "algorithm": "PPO",
  "timesteps": 81920,
  "total": 75000,
  "percent": 100.0,
  "fps": 2132.330171940454,
  "elapsed_s": 38.41806539999925,
  "eta_s": 0.0
}