global_step,phase,eval_level,mean_reward_per_step,mean_episode_reward,stable_success_rate,capture_rate,mean_maintain_max_stable,mean_length
10000,nominal,0.0,-14.986093059905489,-5994.437223962195,0.0,0.0,0.0,400.0
20000,nominal,0.0,-14.529369521809038,-5811.747808723615,0.0,0.0,0.0,400.0
30000,nominal,0.0,-14.951903987850098,-5980.761595140039,0.0,0.0,0.0,400.0
40000,randomized,0.5,-14.917724918216997,-5967.089967286799,0.0,0.0,0.0,400.0
