{
  "episodes": 2,
  "randomization_level": 0.5,
  "mean_episode_reward": -5867.884949326287,
  "mean_reward_per_step": -14.669712373315717,
  "mean_length": 400.0,
  "mean_maintain_max_stable": 0.0,
  "stable_success_rate": 0.0,
  "capture_rate": 0.0,
  "mean_abs_theta": 6.170750848940416,
  "mean_abs_theta_dot": 6.447678562101742,
  "mean_abs_alpha": 2.9626523367022344,
  "mean_abs_alpha_dot": 1.1842835924783706,
  "mean_abs_pwm": 150.0,
  "step": 40000,
  "phase": "randomized",
  "stage_name": "smoke_dr_0.10",
  "training_level": 0.1,
  "eval_randomization_level": 0.5
}