{
  "episodes": 2,
  "randomization_level": 0.5,
  "mean_episode_reward": -5984.89200059585,
  "mean_reward_per_step": -14.962230001489626,
  "mean_length": 400.0,
  "mean_maintain_max_stable": 0.0,
  "stable_success_rate": 0.0,
  "capture_rate": 0.0,
  "mean_abs_theta": 3.6138854047267657,
  "mean_abs_theta_dot": 3.956022507867851,
  "mean_abs_alpha": 3.094399335771059,
  "mean_abs_alpha_dot": 0.5133653456791156,
  "mean_abs_pwm": 58.8,
  "step": 40000,
  "phase": "randomized",
  "stage_name": "smoke_dr_0.10",
  "training_level": 0.1,
  "eval_randomization_level": 0.5
}