{
  "episodes": 2,
  "randomization_level": 0.5,
  "mean_episode_reward": -5961.1256196635,
  "mean_reward_per_step": -14.90281404915875,
  "mean_length": 400.0,
  "mean_maintain_max_stable": 0.0,
  "stable_success_rate": 0.0,
  "capture_rate": 0.0,
  "mean_abs_theta": 2.2685224256731447,
  "mean_abs_theta_dot": 2.4762836734079556,
  "mean_abs_alpha": 3.040303420778677,
  "mean_abs_alpha_dot": 0.7145472105776393,
  "mean_abs_pwm": 79.35,
  "step": 40000,
  "phase": "randomized",
  "stage_name": "smoke_dr_0.10",
  "training_level": 0.1,
  "eval_randomization_level": 0.5
}