global_step,phase,eval_level,mean_reward_per_step,mean_episode_reward,stable_success_rate,capture_rate,mean_maintain_max_stable,mean_length
10000,nominal,0.0,-13.475611142389841,-5390.244456955936,0.0,0.0,0.0,400.0
20000,nominal,0.0,-13.13979148000375,-5255.9165920015,0.0,0.0,0.0,400.0
30000,nominal,0.0,-14.970229396469259,-5988.091758587703,0.0,0.0,0.0,400.0
40000,randomized,0.5,-14.957412713965464,-5982.9650855861855,0.0,0.0,0.0,400.0
