{
  "episodes": 2,
  "randomization_level": 0.5,
  "mean_episode_reward": -5162.626690892503,
  "mean_reward_per_step": -12.906566727231255,
  "mean_length": 400.0,
  "mean_maintain_max_stable": 0.0,
  "stable_success_rate": 0.0,
  "capture_rate": 0.0,
  "mean_abs_theta": 2.365355896067553,
  "mean_abs_theta_dot": 2.9707466004501666,
  "mean_abs_alpha": 2.669263468058297,
  "mean_abs_alpha_dot": 3.3446171589671057,
  "mean_abs_pwm": 78.15,
  "step": 40000,
  "phase": "randomized",
  "stage_name": "smoke_dr_0.10",
  "training_level": 0.1,
  "eval_randomization_level": 0.5
}