{
  "algorithm": "PPO",
  "timesteps": 2000000,
  "total": 2000000,
  "percent": 100.0,
  "fps": 2536.697092338378,
  "elapsed_s": 788.4268114000006,
  "eta_s": 0.0
}