{
  "algorithm": "PPO",
  "timesteps": 81920,
  "total": 75000,
  "percent": 100.0,
  "fps": 1945.2433007359712,
  "elapsed_s": 42.112983999999415,
  "eta_s": 0.0
}