{
  "algorithm": "PPO",
  "timesteps": 81920,
  "total": 75000,
  "percent": 100.0,
  "fps": 2372.941200860451,
  "elapsed_s": 34.52255789999981,
  "eta_s": 0.0
}