{
  "algorithm": "PPO",
  "timesteps": 81920,
  "total": 75000,
  "percent": 100.0,
  "fps": 2257.5999164819673,
  "elapsed_s": 36.28632310000103,
  "eta_s": 0.0
}