{
  "algorithm": "PPO",
  "timesteps": 2000000,
  "total": 2000000,
  "percent": 100.0,
  "fps": 2366.3919081560007,
  "elapsed_s": 845.1685424999996,
  "eta_s": 0.0
}