{
  "episodes": 2,
  "randomization_level": 0.5,
  "mean_episode_reward": -5702.385926920981,
  "mean_reward_per_step": -14.255964817302452,
  "mean_length": 400.0,
  "mean_maintain_max_stable": 0.0,
  "stable_success_rate": 0.0,
  "capture_rate": 0.0,
  "mean_abs_theta": 7.412791125806772,
  "mean_abs_theta_dot": 7.779930600647715,
  "mean_abs_alpha": 2.8293808094817834,
  "mean_abs_alpha_dot": 1.0483818348803113,
  "mean_abs_pwm": 120.0,
  "step": 40000,
  "phase": "randomized",
  "stage_name": "smoke_dr_0.10",
  "training_level": 0.1,
  "eval_randomization_level": 0.5
}