{
  "episodes": 2,
  "randomization_level": 0.0,
  "mean_episode_reward": -3347.497363864705,
  "mean_reward_per_step": -8.368743409661764,
  "mean_length": 400.0,
  "mean_maintain_max_stable": 0.0,
  "stable_success_rate": 0.0,
  "capture_rate": 0.0,
  "mean_abs_theta": 3.4559647671942946,
  "mean_abs_theta_dot": 4.5159665495578505,
  "mean_abs_alpha": 1.9873122136319847,
  "mean_abs_alpha_dot": 9.226615564275882,
  "mean_abs_pwm": 127.725,
  "step": 30000,
  "phase": "nominal",
  "stage_name": "smoke_nominal",
  "training_level": 0.0,
  "eval_randomization_level": 0.0
}