{
  "algorithm": "PPO",
  "timesteps": 81920,
  "total": 75000,
  "percent": 100.0,
  "fps": 2032.4685864265236,
  "elapsed_s": 40.3056660000002,
  "eta_s": 0.0
}