global_step,phase,eval_level,mean_reward_per_step,mean_episode_reward,stable_success_rate,capture_rate,mean_maintain_max_stable,mean_length
10000,nominal,0.0,-13.72439320200473,-5489.757280801892,0.0,0.0,0.0,400.0
20000,nominal,0.0,-14.984708266764487,-5993.883306705795,0.0,0.0,0.0,400.0
30000,nominal,0.0,-14.967483193424044,-5986.993277369617,0.0,0.0,0.0,400.0
40000,randomized,0.5,-11.101332783684697,-4440.533113473879,0.0,0.0,0.0,400.0
