global_step,phase,eval_level,mean_reward_per_step,mean_episode_reward,stable_success_rate,capture_rate,mean_maintain_max_stable,mean_length
10000,nominal,0.0,-14.9375871922806,-5975.034876912239,0.0,0.0,0.0,400.0
20000,nominal,0.0,-14.982956653534014,-5993.182661413606,0.0,0.0,0.0,400.0
30000,nominal,0.0,-14.843556971396461,-5937.422788558584,0.0,0.0,0.0,400.0
40000,randomized,0.5,-14.802085640228581,-5920.8342560914325,0.0,0.0,0.0,400.0
