{
  "algorithm": "PPO",
  "timesteps": 500000,
  "total": 2000000,
  "percent": 25.0,
  "fps": 2265.2807789406857,
  "elapsed_s": 220.72319009999956,
  "eta_s": 662.1695702999987
}