{
  "episodes": 2,
  "randomization_level": 0.5,
  "mean_episode_reward": -5731.5188135946855,
  "mean_reward_per_step": -14.328797033986714,
  "mean_length": 400.0,
  "mean_maintain_max_stable": 0.0,
  "stable_success_rate": 0.0,
  "capture_rate": 0.0,
  "mean_abs_theta": 0.6305193602916066,
  "mean_abs_theta_dot": 0.9531221734842477,
  "mean_abs_alpha": 2.8180689667883865,
  "mean_abs_alpha_dot": 2.6871258700564775,
  "mean_abs_pwm": 43.724999999999994,
  "step": 40000,
  "phase": "randomized",
  "stage_name": "smoke_dr_0.10",
  "training_level": 0.1,
  "eval_randomization_level": 0.5
}