{
  "episodes": 2,
  "randomization_level": 0.5,
  "mean_episode_reward": -5957.058988135608,
  "mean_reward_per_step": -14.892647470339021,
  "mean_length": 400.0,
  "mean_maintain_max_stable": 0.0,
  "stable_success_rate": 0.0,
  "capture_rate": 0.0,
  "mean_abs_theta": 2.486776878555244,
  "mean_abs_theta_dot": 2.5098487813159216,
  "mean_abs_alpha": 3.0464051663913363,
  "mean_abs_alpha_dot": 1.0269721612875016,
  "mean_abs_pwm": 60.0,
  "step": 40000,
  "phase": "randomized",
  "stage_name": "smoke_dr_0.10",
  "training_level": 0.1,
  "eval_randomization_level": 0.5
}