{
  "episodes": 2,
  "randomization_level": 0.0,
  "mean_episode_reward": -3571.6164524317837,
  "mean_reward_per_step": -8.929041131079458,
  "mean_length": 400.0,
  "mean_maintain_max_stable": 0.0,
  "stable_success_rate": 0.0,
  "capture_rate": 0.0,
  "mean_abs_theta": 2.375697775459643,
  "mean_abs_theta_dot": 4.302501454677767,
  "mean_abs_alpha": 2.0553942030315984,
  "mean_abs_alpha_dot": 8.677170851239488,
  "mean_abs_pwm": 112.38749999999999,
  "step": 30000,
  "phase": "nominal",
  "stage_name": "smoke_nominal",
  "training_level": 0.0,
  "eval_randomization_level": 0.0
}