{
  "algorithm": "PPO",
  "timesteps": 81920,
  "total": 75000,
  "percent": 100.0,
  "fps": 2026.661062737777,
  "elapsed_s": 40.421164399998815,
  "eta_s": 0.0
}