{
  "algorithm": "PPO",
  "timesteps": 1000000,
  "total": 2000000,
  "percent": 50.0,
  "fps": 1485.448992503206,
  "elapsed_s": 673.1971310000008,
  "eta_s": 673.1971310000008
}