{
  "episodes": 2,
  "randomization_level": 0.0,
  "mean_episode_reward": -4996.938380326925,
  "mean_reward_per_step": -12.492345950817313,
  "mean_length": 400.0,
  "mean_maintain_max_stable": 0.0,
  "stable_success_rate": 0.0,
  "capture_rate": 0.0,
  "mean_abs_theta": 8.115137098730354,
  "mean_abs_theta_dot": 7.987552787355006,
  "mean_abs_alpha": 2.6084500902463725,
  "mean_abs_alpha_dot": 3.3646296813920893,
  "mean_abs_pwm": 140.625,
  "step": 30000,
  "phase": "nominal",
  "stage_name": "smoke_nominal",
  "training_level": 0.0,
  "eval_randomization_level": 0.0
}