{
  "episodes": 2,
  "randomization_level": 0.5,
  "mean_episode_reward": -5996.272278248229,
  "mean_reward_per_step": -14.990680695620574,
  "mean_length": 400.0,
  "mean_maintain_max_stable": 0.0,
  "stable_success_rate": 0.0,
  "capture_rate": 0.0,
  "mean_abs_theta": 1.4469353727046566,
  "mean_abs_theta_dot": 1.5745524805813216,
  "mean_abs_alpha": 3.1166915864237823,
  "mean_abs_alpha_dot": 0.37626118065286357,
  "mean_abs_pwm": 30.0,
  "step": 40000,
  "phase": "randomized",
  "stage_name": "smoke_dr_0.10",
  "training_level": 0.1,
  "eval_randomization_level": 0.5
}