{
  "algorithm": "PPO",
  "timesteps": 81920,
  "total": 75000,
  "percent": 100.0,
  "fps": 2214.4935472314273,
  "elapsed_s": 36.99265690000175,
  "eta_s": 0.0
}