{
  "episodes": 2,
  "randomization_level": 0.5,
  "mean_episode_reward": -5861.242650079473,
  "mean_reward_per_step": -14.653106625198681,
  "mean_length": 400.0,
  "mean_maintain_max_stable": 0.0,
  "stable_success_rate": 0.0,
  "capture_rate": 0.0,
  "mean_abs_theta": 5.218158361318796,
  "mean_abs_theta_dot": 5.619347856491039,
  "mean_abs_alpha": 2.9631609862262827,
  "mean_abs_alpha_dot": 1.4261256939655118,
  "mean_abs_pwm": 120.0,
  "step": 40000,
  "phase": "randomized",
  "stage_name": "smoke_dr_0.10",
  "training_level": 0.1,
  "eval_randomization_level": 0.5
}