global_step,phase,eval_level,mean_reward_per_step,mean_episode_reward,stable_success_rate,capture_rate,mean_maintain_max_stable,mean_length
10000,nominal,0.0,-14.90912453702595,-5963.649814810379,0.0,0.0,0.0,400.0
20000,nominal,0.0,-14.967101507729156,-5986.840603091663,0.0,0.0,0.0,400.0
30000,nominal,0.0,-14.919830807420343,-5967.932322968138,0.0,0.0,0.0,400.0
40000,randomized,0.5,-14.567179230957823,-5826.871692383129,0.0,0.0,0.0,400.0
