{
  "episodes": 2,
  "randomization_level": 0.5,
  "mean_episode_reward": -5102.722975416875,
  "mean_reward_per_step": -12.756807438542186,
  "mean_length": 400.0,
  "mean_maintain_max_stable": 0.0,
  "stable_success_rate": 0.0,
  "capture_rate": 0.0,
  "mean_abs_theta": 9.552736872510515,
  "mean_abs_theta_dot": 10.54964183369533,
  "mean_abs_alpha": 2.526386231863561,
  "mean_abs_alpha_dot": 0.9955619095779168,
  "mean_abs_pwm": 147.975,
  "step": 40000,
  "phase": "randomized",
  "stage_name": "smoke_dr_0.10",
  "training_level": 0.1,
  "eval_randomization_level": 0.5
}