{
  "algorithm": "PPO",
  "timesteps": 81920,
  "total": 75000,
  "percent": 100.0,
  "fps": 2164.596470506568,
  "elapsed_s": 37.84539109999969,
  "eta_s": 0.0
}