{
  "episodes": 2,
  "randomization_level": 0.5,
  "mean_episode_reward": -4673.036182271536,
  "mean_reward_per_step": -11.68259045567884,
  "mean_length": 400.0,
  "mean_maintain_max_stable": 0.0,
  "stable_success_rate": 0.0,
  "capture_rate": 0.0,
  "mean_abs_theta": 1.394475914027571,
  "mean_abs_theta_dot": 2.661738970031189,
  "mean_abs_alpha": 2.390308130818411,
  "mean_abs_alpha_dot": 5.666736123792741,
  "mean_abs_pwm": 106.0875,
  "step": 40000,
  "phase": "randomized",
  "stage_name": "smoke_dr_0.10",
  "training_level": 0.1,
  "eval_randomization_level": 0.5
}