{
  "episodes": 2,
  "randomization_level": 0.5,
  "mean_episode_reward": -5860.328955328572,
  "mean_reward_per_step": -14.650822388321432,
  "mean_length": 400.0,
  "mean_maintain_max_stable": 0.0,
  "stable_success_rate": 0.0,
  "capture_rate": 0.0,
  "mean_abs_theta": 5.273636879765347,
  "mean_abs_theta_dot": 5.636995399993465,
  "mean_abs_alpha": 2.939202133905802,
  "mean_abs_alpha_dot": 1.6173823846094484,
  "mean_abs_pwm": 150.0,
  "step": 40000,
  "phase": "randomized",
  "stage_name": "smoke_dr_0.10",
  "training_level": 0.1,
  "eval_randomization_level": 0.5
}