global_step,phase,eval_level,mean_reward_per_step,mean_episode_reward,stable_success_rate,capture_rate,mean_maintain_max_stable,mean_length
10000,nominal,0.0,-14.726941309877756,-5890.776523951103,0.0,0.0,0.0,400.0
20000,nominal,0.0,-14.84970202557107,-5939.880810228428,0.0,0.0,0.0,400.0
30000,nominal,0.0,-11.899049336229929,-4759.619734491972,0.0,0.0,0.0,400.0
40000,randomized,0.5,-12.512271413101931,-5004.908565240772,0.0,0.0,0.0,400.0
