global_step,phase,eval_level,mean_reward_per_step,mean_episode_reward,stable_success_rate,capture_rate,mean_maintain_max_stable,mean_length
10000,nominal,0.0,-13.577552047367881,-5431.020818947152,0.0,0.0,0.0,400.0
20000,nominal,0.0,-14.92338624664445,-5969.35449865778,0.0,0.0,0.0,400.0
30000,nominal,0.0,-14.514950958686118,-5805.980383474447,0.0,0.0,0.0,400.0
40000,randomized,0.5,-14.892647470339021,-5957.058988135608,0.0,0.0,0.0,400.0
