{
  "episodes": 2,
  "randomization_level": 0.5,
  "mean_episode_reward": -5475.331396018669,
  "mean_reward_per_step": -13.688328490046672,
  "mean_length": 400.0,
  "mean_maintain_max_stable": 0.0,
  "stable_success_rate": 0.0,
  "capture_rate": 0.0,
  "mean_abs_theta": 2.64932752502543,
  "mean_abs_theta_dot": 3.2519040551857326,
  "mean_abs_alpha": 2.7130494362528217,
  "mean_abs_alpha_dot": 3.131001915540332,
  "mean_abs_pwm": 105.6,
  "step": 40000,
  "phase": "randomized",
  "stage_name": "smoke_dr_0.10",
  "training_level": 0.1,
  "eval_randomization_level": 0.5
}