{
  "episodes": 2,
  "randomization_level": 0.0,
  "mean_episode_reward": -5806.008342318821,
  "mean_reward_per_step": -14.51502085579705,
  "mean_length": 400.0,
  "mean_maintain_max_stable": 0.0,
  "stable_success_rate": 0.0,
  "capture_rate": 0.0,
  "mean_abs_theta": 1.8436449827417478,
  "mean_abs_theta_dot": 2.447284798105681,
  "mean_abs_alpha": 2.9132607803177164,
  "mean_abs_alpha_dot": 1.3803106820042519,
  "mean_abs_pwm": 73.875,
  "step": 20000,
  "phase": "nominal",
  "stage_name": "smoke_nominal",
  "training_level": 0.0,
  "eval_randomization_level": 0.0
}