global_step,phase,eval_level,mean_reward_per_step,mean_episode_reward,stable_success_rate,capture_rate,mean_maintain_max_stable,mean_length
10000,nominal,0.0,-14.64215726774712,-5856.862907098848,0.0,0.0,0.0,400.0
20000,nominal,0.0,-13.469870821418334,-5387.948328567334,0.0,0.0,0.0,400.0
30000,nominal,0.0,-14.977455033906352,-5990.9820135625405,0.0,0.0,0.0,400.0
40000,randomized,0.5,-10.99927818259852,-4399.711273039407,0.0,0.0,0.0,400.0
