{
  "algorithm": "PPO",
  "timesteps": 1000000,
  "total": 2000000,
  "percent": 50.0,
  "fps": 2469.872980883896,
  "elapsed_s": 404.87912040000083,
  "eta_s": 404.87912040000083
}