{
  "episodes": 2,
  "randomization_level": 0.5,
  "mean_episode_reward": -4385.804631462379,
  "mean_reward_per_step": -10.964511578655948,
  "mean_length": 400.0,
  "mean_maintain_max_stable": 0.0,
  "stable_success_rate": 0.0,
  "capture_rate": 0.0,
  "mean_abs_theta": 0.9877888801257735,
  "mean_abs_theta_dot": 1.8376057665218615,
  "mean_abs_alpha": 2.3178718595416337,
  "mean_abs_alpha_dot": 6.56499762177326,
  "mean_abs_pwm": 85.57499999999999,
  "step": 40000,
  "phase": "randomized",
  "stage_name": "smoke_dr_0.10",
  "training_level": 0.1,
  "eval_randomization_level": 0.5
}