global_step,phase,eval_level,mean_reward_per_step,mean_episode_reward,stable_success_rate,capture_rate,mean_maintain_max_stable,mean_length
10000,nominal,0.0,-14.914491718922745,-5965.796687569098,0.0,0.0,0.0,400.0
20000,nominal,0.0,-14.53724061876802,-5814.8962475072085,0.0,0.0,0.0,400.0
30000,nominal,0.0,-14.920445708039503,-5968.1782832158015,0.0,0.0,0.0,400.0
40000,randomized,0.5,-14.571779300754507,-5828.711720301802,0.0,0.0,0.0,400.0
