{
  "algorithm": "PPO",
  "timesteps": 81920,
  "total": 75000,
  "percent": 100.0,
  "fps": 2043.203676421778,
  "elapsed_s": 40.09389809999993,
  "eta_s": 0.0
}