global_step,phase,eval_level,mean_reward_per_step,mean_episode_reward,stable_success_rate,capture_rate,mean_maintain_max_stable,mean_length
10000,nominal,0.0,-14.511167995088645,-5804.467198035458,0.0,0.0,0.0,400.0
20000,nominal,0.0,-14.790930834768247,-5916.3723339072985,0.0,0.0,0.0,400.0
30000,nominal,0.0,-13.290572253950405,-5316.228901580162,0.0,0.0,0.0,400.0
40000,randomized,0.5,-11.900454121805287,-4760.181648722115,0.0,0.0,0.0,400.0
