{
  "episodes": 2,
  "randomization_level": 0.5,
  "mean_episode_reward": -5074.23772642597,
  "mean_reward_per_step": -12.685594316064925,
  "mean_length": 400.0,
  "mean_maintain_max_stable": 0.0,
  "stable_success_rate": 0.0,
  "capture_rate": 0.0,
  "mean_abs_theta": 8.384313208246452,
  "mean_abs_theta_dot": 9.08348444288858,
  "mean_abs_alpha": 2.5817386718008937,
  "mean_abs_alpha_dot": 1.1212456637481223,
  "mean_abs_pwm": 150.0,
  "step": 40000,
  "phase": "randomized",
  "stage_name": "smoke_dr_0.10",
  "training_level": 0.1,
  "eval_randomization_level": 0.5
}