{
  "algorithm": "PPO",
  "timesteps": 1000000,
  "total": 2000000,
  "percent": 50.0,
  "fps": 2610.188585851261,
  "elapsed_s": 383.11408049999955,
  "eta_s": 383.11408049999955
}