{
  "episodes": 2,
  "randomization_level": 0.5,
  "mean_episode_reward": -5049.348073939192,
  "mean_reward_per_step": -12.623370184847978,
  "mean_length": 400.0,
  "mean_maintain_max_stable": 0.0,
  "stable_success_rate": 0.0,
  "capture_rate": 0.0,
  "mean_abs_theta": 0.957796070627142,
  "mean_abs_theta_dot": 2.216126852695066,
  "mean_abs_alpha": 2.5263207089931123,
  "mean_abs_alpha_dot": 4.871270161178597,
  "mean_abs_pwm": 88.9125,
  "step": 40000,
  "phase": "randomized",
  "stage_name": "smoke_dr_0.10",
  "training_level": 0.1,
  "eval_randomization_level": 0.5
}