{
  "algorithm": "PPO",
  "timesteps": 2000000,
  "total": 2000000,
  "percent": 100.0,
  "fps": 2405.4466186211985,
  "elapsed_s": 831.4464285000013,
  "eta_s": 0.0
}