{
  "algorithm": "PPO",
  "timesteps": 81920,
  "total": 75000,
  "percent": 100.0,
  "fps": 1789.3591876630971,
  "elapsed_s": 45.781752799999595,
  "eta_s": 0.0
}