global_step,phase,eval_level,mean_reward_per_step,mean_episode_reward,stable_success_rate,capture_rate,mean_maintain_max_stable,mean_length
10000,nominal,0.0,-14.559204582044089,-5823.681832817635,0.0,0.0,0.0,400.0
20000,nominal,0.0,-10.027909284811347,-4011.1637139245386,0.0,0.0,0.0,400.0
30000,nominal,0.0,-14.490655015388857,-5796.262006155543,0.0,0.0,0.0,400.0
40000,randomized,0.5,-12.68651346994475,-5074.605387977899,0.0,0.0,0.0,400.0
