{
  "episodes": 2,
  "randomization_level": 0.5,
  "mean_episode_reward": -5936.587832113114,
  "mean_reward_per_step": -14.841469580282785,
  "mean_length": 400.0,
  "mean_maintain_max_stable": 0.0,
  "stable_success_rate": 0.0,
  "capture_rate": 0.0,
  "mean_abs_theta": 4.133536463877175,
  "mean_abs_theta_dot": 4.051824811076082,
  "mean_abs_alpha": 3.019175300942156,
  "mean_abs_alpha_dot": 1.0912470787843356,
  "mean_abs_pwm": 94.725,
  "step": 40000,
  "phase": "randomized",
  "stage_name": "smoke_dr_0.10",
  "training_level": 0.1,
  "eval_randomization_level": 0.5
}