{
  "episodes": 2,
  "randomization_level": 0.5,
  "mean_episode_reward": -5583.898540031412,
  "mean_reward_per_step": -13.959746350078532,
  "mean_length": 400.0,
  "mean_maintain_max_stable": 0.0,
  "stable_success_rate": 0.0,
  "capture_rate": 0.0,
  "mean_abs_theta": 2.313816535328497,
  "mean_abs_theta_dot": 3.1726561951271712,
  "mean_abs_alpha": 2.7826897659743235,
  "mean_abs_alpha_dot": 2.4773785886040005,
  "mean_abs_pwm": 86.17500000000001,
  "step": 40000,
  "phase": "randomized",
  "stage_name": "smoke_dr_0.10",
  "training_level": 0.1,
  "eval_randomization_level": 0.5
}