{
  "episodes": 2,
  "randomization_level": 0.5,
  "mean_episode_reward": -5112.96219320508,
  "mean_reward_per_step": -12.782405483012703,
  "mean_length": 400.0,
  "mean_maintain_max_stable": 0.0,
  "stable_success_rate": 0.0,
  "capture_rate": 0.0,
  "mean_abs_theta": 5.550397283939899,
  "mean_abs_theta_dot": 6.722144327958395,
  "mean_abs_alpha": 2.513100384414253,
  "mean_abs_alpha_dot": 2.703121296492123,
  "mean_abs_pwm": 125.2125,
  "step": 40000,
  "phase": "randomized",
  "stage_name": "smoke_dr_0.10",
  "training_level": 0.1,
  "eval_randomization_level": 0.5
}