{
  "episodes": 2,
  "randomization_level": 0.5,
  "mean_episode_reward": -4785.97090362447,
  "mean_reward_per_step": -11.964927259061175,
  "mean_length": 400.0,
  "mean_maintain_max_stable": 0.0,
  "stable_success_rate": 0.0,
  "capture_rate": 0.0,
  "mean_abs_theta": 1.8808804758269597,
  "mean_abs_theta_dot": 2.5502808515743762,
  "mean_abs_alpha": 2.43075082141369,
  "mean_abs_alpha_dot": 5.228691283219499,
  "mean_abs_pwm": 124.8375,
  "step": 40000,
  "phase": "randomized",
  "stage_name": "smoke_dr_0.10",
  "training_level": 0.1,
  "eval_randomization_level": 0.5
}