global_step,phase,eval_level,mean_reward_per_step,mean_episode_reward,stable_success_rate,capture_rate,mean_maintain_max_stable,mean_length
10000,nominal,0.0,-14.885554819781834,-5954.221927912734,0.0,0.0,0.0,400.0
20000,nominal,0.0,-14.93934961896489,-5975.739847585955,0.0,0.0,0.0,400.0
30000,nominal,0.0,-14.805222942761723,-5922.08917710469,0.0,0.0,0.0,400.0
40000,randomized,0.5,-12.906566727231255,-5162.626690892503,0.0,0.0,0.0,400.0
