{
  "episodes": 2,
  "randomization_level": 0.5,
  "mean_episode_reward": -4604.3126716111055,
  "mean_reward_per_step": -11.510781679027762,
  "mean_length": 400.0,
  "mean_maintain_max_stable": 0.0,
  "stable_success_rate": 0.0,
  "capture_rate": 0.0,
  "mean_abs_theta": 0.870781106189259,
  "mean_abs_theta_dot": 2.667977780877761,
  "mean_abs_alpha": 2.3931862790348783,
  "mean_abs_alpha_dot": 5.852704447837088,
  "mean_abs_pwm": 119.1,
  "step": 40000,
  "phase": "randomized",
  "stage_name": "smoke_dr_0.10",
  "training_level": 0.1,
  "eval_randomization_level": 0.5
}