{
  "episodes": 2,
  "randomization_level": 0.5,
  "mean_episode_reward": -4707.480785987809,
  "mean_reward_per_step": -11.768701964969523,
  "mean_length": 400.0,
  "mean_maintain_max_stable": 0.0,
  "stable_success_rate": 0.0,
  "capture_rate": 0.0,
  "mean_abs_theta": 1.4459759500253622,
  "mean_abs_theta_dot": 3.732436212141253,
  "mean_abs_alpha": 2.428867902090726,
  "mean_abs_alpha_dot": 5.419329068233297,
  "mean_abs_pwm": 115.05,
  "step": 40000,
  "phase": "randomized",
  "stage_name": "smoke_dr_0.10",
  "training_level": 0.1,
  "eval_randomization_level": 0.5
}