global_step,phase,eval_level,mean_reward_per_step,mean_episode_reward,stable_success_rate,capture_rate,mean_maintain_max_stable,mean_length
10000,nominal,0.0,-14.60498073894049,-5841.992295576197,0.0,0.0,0.0,400.0
20000,nominal,0.0,-14.987282789762713,-5994.913115905085,0.0,0.0,0.0,400.0
30000,nominal,0.0,-14.949068163292669,-5979.627265317067,0.0,0.0,0.0,400.0
40000,randomized,0.5,-11.528064940458387,-4611.225976183355,0.0,0.0,0.0,400.0
