{
  "algorithm": "PPO",
  "timesteps": 500000,
  "total": 2000000,
  "percent": 25.0,
  "fps": 2410.0580239448445,
  "elapsed_s": 207.46388469999874,
  "eta_s": 622.3916540999962
}