{
  "algorithm": "PPO",
  "timesteps": 2007040,
  "total": 2000000,
  "percent": 100.0,
  "fps": 2114.0766070327895,
  "elapsed_s": 949.3695702999994,
  "eta_s": 0.0
}