{
  "episodes": 2,
  "randomization_level": 0.5,
  "mean_episode_reward": -5992.920174407786,
  "mean_reward_per_step": -14.982300436019464,
  "mean_length": 400.0,
  "mean_maintain_max_stable": 0.0,
  "stable_success_rate": 0.0,
  "capture_rate": 0.0,
  "mean_abs_theta": 1.442789766393954,
  "mean_abs_theta_dot": 1.51306718195085,
  "mean_abs_alpha": 3.1053768924125675,
  "mean_abs_alpha_dot": 0.48114150603289385,
  "mean_abs_pwm": 30.0,
  "step": 40000,
  "phase": "randomized",
  "stage_name": "smoke_dr_0.10",
  "training_level": 0.1,
  "eval_randomization_level": 0.5
}