{
  "episodes": 2,
  "randomization_level": 0.5,
  "mean_episode_reward": -5959.098888979432,
  "mean_reward_per_step": -14.89774722244858,
  "mean_length": 400.0,
  "mean_maintain_max_stable": 0.0,
  "stable_success_rate": 0.0,
  "capture_rate": 0.0,
  "mean_abs_theta": 3.42113334080633,
  "mean_abs_theta_dot": 3.6915948392750932,
  "mean_abs_alpha": 3.0568680768002316,
  "mean_abs_alpha_dot": 0.8624721167197049,
  "mean_abs_pwm": 60.0,
  "step": 40000,
  "phase": "randomized",
  "stage_name": "smoke_dr_0.10",
  "training_level": 0.1,
  "eval_randomization_level": 0.5
}