{
  "episodes": 2,
  "randomization_level": 0.5,
  "mean_episode_reward": -5085.160711085572,
  "mean_reward_per_step": -12.712901777713931,
  "mean_length": 400.0,
  "mean_maintain_max_stable": 0.0,
  "stable_success_rate": 0.0,
  "capture_rate": 0.0,
  "mean_abs_theta": 5.31184471985892,
  "mean_abs_theta_dot": 6.023167448521911,
  "mean_abs_alpha": 2.519769208490934,
  "mean_abs_alpha_dot": 3.6166480215391186,
  "mean_abs_pwm": 136.5,
  "step": 40000,
  "phase": "randomized",
  "stage_name": "smoke_dr_0.10",
  "training_level": 0.1,
  "eval_randomization_level": 0.5
}