global_step,phase,eval_level,mean_reward_per_step,mean_episode_reward,stable_success_rate,capture_rate,mean_maintain_max_stable,mean_length
10000,nominal,0.0,-14.925922567734212,-5970.369027093685,0.0,0.0,0.0,400.0
20000,nominal,0.0,-13.664719349533051,-5465.887739813221,0.0,0.0,0.0,400.0
30000,nominal,0.0,-14.564916369730543,-5825.966547892218,0.0,0.0,0.0,400.0
40000,randomized,0.5,-14.912172387129623,-5964.86895485185,0.0,0.0,0.0,400.0
