{
  "episodes": 2,
  "randomization_level": 0.5,
  "mean_episode_reward": -5904.034102605621,
  "mean_reward_per_step": -14.760085256514053,
  "mean_length": 400.0,
  "mean_maintain_max_stable": 0.0,
  "stable_success_rate": 0.0,
  "capture_rate": 0.0,
  "mean_abs_theta": 5.7398077234528975,
  "mean_abs_theta_dot": 5.947951226992381,
  "mean_abs_alpha": 2.9984110418581205,
  "mean_abs_alpha_dot": 1.054224899640118,
  "mean_abs_pwm": 120.0,
  "step": 40000,
  "phase": "randomized",
  "stage_name": "smoke_dr_0.10",
  "training_level": 0.1,
  "eval_randomization_level": 0.5
}