global_step,phase,eval_level,mean_reward_per_step,mean_episode_reward,stable_success_rate,capture_rate,mean_maintain_max_stable,mean_length
10000,nominal,0.0,-14.944957430374725,-5977.98297214989,0.0,0.0,0.0,400.0
20000,nominal,0.0,-14.777017095654728,-5910.806838261891,0.0,0.0,0.0,400.0
30000,nominal,0.0,-14.552568426541683,-5821.027370616674,0.0,0.0,0.0,400.0
40000,randomized,0.5,-12.62700709764042,-5050.802839056168,0.0,0.0,0.0,400.0
