{
  "episodes": 2,
  "randomization_level": 0.5,
  "mean_episode_reward": -4815.076989140648,
  "mean_reward_per_step": -12.03769247285162,
  "mean_length": 400.0,
  "mean_maintain_max_stable": 0.0,
  "stable_success_rate": 0.0,
  "capture_rate": 0.0,
  "mean_abs_theta": 2.323905905494394,
  "mean_abs_theta_dot": 3.414736490477697,
  "mean_abs_alpha": 2.4519934045838507,
  "mean_abs_alpha_dot": 5.297255023890635,
  "mean_abs_pwm": 144.60000000000002,
  "step": 40000,
  "phase": "randomized",
  "stage_name": "smoke_dr_0.10",
  "training_level": 0.1,
  "eval_randomization_level": 0.5
}