{
  "algorithm": "PPO",
  "timesteps": 81920,
  "total": 75000,
  "percent": 100.0,
  "fps": 2034.0216893601714,
  "elapsed_s": 40.27489010000136,
  "eta_s": 0.0
}