{
  "algorithm": "PPO",
  "timesteps": 1000000,
  "total": 2000000,
  "percent": 50.0,
  "fps": 2653.1001480137916,
  "elapsed_s": 376.91754709999805,
  "eta_s": 376.91754709999805
}