{
  "algorithm": "PPO",
  "timesteps": 81920,
  "total": 75000,
  "percent": 100.0,
  "fps": 1691.9883644570837,
  "elapsed_s": 48.41640860000007,
  "eta_s": 0.0
}