{
  "episodes": 2,
  "randomization_level": 0.5,
  "mean_episode_reward": -5980.984090642067,
  "mean_reward_per_step": -14.952460226605167,
  "mean_length": 400.0,
  "mean_maintain_max_stable": 0.0,
  "stable_success_rate": 0.0,
  "capture_rate": 0.0,
  "mean_abs_theta": 3.0780477224470695,
  "mean_abs_theta_dot": 3.2081662380002163,
  "mean_abs_alpha": 3.085645799450509,
  "mean_abs_alpha_dot": 0.6496128658603708,
  "mean_abs_pwm": 60.0,
  "step": 40000,
  "phase": "randomized",
  "stage_name": "smoke_dr_0.10",
  "training_level": 0.1,
  "eval_randomization_level": 0.5
}