{
  "episodes": 2,
  "randomization_level": 0.0,
  "mean_episode_reward": -4802.494077386367,
  "mean_reward_per_step": -12.006235193465919,
  "mean_length": 400.0,
  "mean_maintain_max_stable": 0.0,
  "stable_success_rate": 0.0,
  "capture_rate": 0.0,
  "mean_abs_theta": 6.839037671630978,
  "mean_abs_theta_dot": 7.145855706126721,
  "mean_abs_alpha": 2.469856173371894,
  "mean_abs_alpha_dot": 4.1535810482803495,
  "mean_abs_pwm": 131.025,
  "step": 10000,
  "phase": "nominal",
  "stage_name": "smoke_nominal",
  "training_level": 0.0,
  "eval_randomization_level": 0.0
}