{
  "algorithm": "PPO",
  "timesteps": 1722752,
  "total": 4000000,
  "percent": 43.0688,
  "fps": 416.3294617929527,
  "elapsed_s": 4137.9536115,
  "eta_s": 5469.821881432239
}