{
  "episodes": 2,
  "randomization_level": 0.5,
  "mean_episode_reward": -4238.072915353883,
  "mean_reward_per_step": -10.59518228838471,
  "mean_length": 400.0,
  "mean_maintain_max_stable": 0.0,
  "stable_success_rate": 0.0,
  "capture_rate": 0.0,
  "mean_abs_theta": 1.6543803906829342,
  "mean_abs_theta_dot": 2.4319657646817117,
  "mean_abs_alpha": 2.2686282564378777,
  "mean_abs_alpha_dot": 6.007942830458525,
  "mean_abs_pwm": 116.1,
  "step": 40000,
  "phase": "randomized",
  "stage_name": "smoke_dr_0.10",
  "training_level": 0.1,
  "eval_randomization_level": 0.5
}