{
  "episodes": 2,
  "randomization_level": 0.5,
  "mean_episode_reward": -4968.847742711936,
  "mean_reward_per_step": -12.422119356779842,
  "mean_length": 400.0,
  "mean_maintain_max_stable": 0.0,
  "stable_success_rate": 0.0,
  "capture_rate": 0.0,
  "mean_abs_theta": 1.58572840248019,
  "mean_abs_theta_dot": 3.6150106331318197,
  "mean_abs_alpha": 2.511142935782725,
  "mean_abs_alpha_dot": 4.887986085964897,
  "mean_abs_pwm": 133.3125,
  "step": 40000,
  "phase": "randomized",
  "stage_name": "smoke_dr_0.10",
  "training_level": 0.1,
  "eval_randomization_level": 0.5
}