{
  "algorithm": "PPO",
  "timesteps": 2007040,
  "total": 2000000,
  "percent": 100.0,
  "fps": 1333.4044857979359,
  "elapsed_s": 1505.1996760000002,
  "eta_s": 0.0
}