{
  "episodes": 2,
  "randomization_level": 0.5,
  "mean_episode_reward": -5989.545679946532,
  "mean_reward_per_step": -14.97386419986633,
  "mean_length": 400.0,
  "mean_maintain_max_stable": 0.0,
  "stable_success_rate": 0.0,
  "capture_rate": 0.0,
  "mean_abs_theta": 1.3474315941946602,
  "mean_abs_theta_dot": 1.311227455699953,
  "mean_abs_alpha": 3.097603607249116,
  "mean_abs_alpha_dot": 0.5750147776358898,
  "mean_abs_pwm": 30.0,
  "step": 40000,
  "phase": "randomized",
  "stage_name": "smoke_dr_0.10",
  "training_level": 0.1,
  "eval_randomization_level": 0.5
}