global_step,phase,eval_level,mean_reward_per_step,mean_episode_reward,stable_success_rate,capture_rate,mean_maintain_max_stable,mean_length
10000,nominal,0.0,-14.961687613413998,-5984.675045365599,0.0,0.0,0.0,400.0
20000,nominal,0.0,-14.577110583720858,-5830.844233488343,0.0,0.0,0.0,400.0
30000,nominal,0.0,-12.3100818838459,-4924.03275353836,0.0,0.0,0.0,400.0
40000,randomized,0.5,-14.809783243344054,-5923.913297337622,0.0,0.0,0.0,400.0
