{
  "episodes": 2,
  "randomization_level": 0.5,
  "mean_episode_reward": -5050.802839056168,
  "mean_reward_per_step": -12.62700709764042,
  "mean_length": 400.0,
  "mean_maintain_max_stable": 0.0,
  "stable_success_rate": 0.0,
  "capture_rate": 0.0,
  "mean_abs_theta": 1.3001627943435254,
  "mean_abs_theta_dot": 4.214523972278462,
  "mean_abs_alpha": 2.5507433841920593,
  "mean_abs_alpha_dot": 3.9030449300944543,
  "mean_abs_pwm": 114.525,
  "step": 40000,
  "phase": "randomized",
  "stage_name": "smoke_dr_0.10",
  "training_level": 0.1,
  "eval_randomization_level": 0.5
}