global_step,phase,eval_level,mean_reward_per_step,mean_episode_reward,stable_success_rate,capture_rate,mean_maintain_max_stable,mean_length
10000,nominal,0.0,-14.573700906063792,-5829.480362425516,0.0,0.0,0.0,400.0
20000,nominal,0.0,-10.966135156366956,-4386.454062546783,0.0,0.0,0.0,400.0
30000,nominal,0.0,-14.60156400379714,-5840.625601518856,0.0,0.0,0.0,400.0
40000,randomized,0.5,-11.240927520361556,-4496.3710081446225,0.0,0.0,0.0,400.0
