global_step,phase,eval_level,mean_reward_per_step,mean_episode_reward,stable_success_rate,capture_rate,mean_maintain_max_stable,mean_length
10000,nominal,0.0,-14.593523778469288,-5837.409511387716,0.0,0.0,0.0,400.0
20000,nominal,0.0,-13.461409046285471,-5384.563618514188,0.0,0.0,0.0,400.0
30000,nominal,0.0,-13.507110791909398,-5402.84431676376,0.0,0.0,0.0,400.0
40000,randomized,0.5,-14.914879725113696,-5965.951890045479,0.0,0.0,0.0,400.0
