{
  "algorithm": "PPO",
  "timesteps": 81920,
  "total": 75000,
  "percent": 100.0,
  "fps": 1970.4461603163372,
  "elapsed_s": 41.5743407000009,
  "eta_s": 0.0
}