{
  "episodes": 2,
  "randomization_level": 0.5,
  "mean_episode_reward": -5965.951890045479,
  "mean_reward_per_step": -14.914879725113696,
  "mean_length": 400.0,
  "mean_maintain_max_stable": 0.0,
  "stable_success_rate": 0.0,
  "capture_rate": 0.0,
  "mean_abs_theta": 2.4669466551769568,
  "mean_abs_theta_dot": 2.6693229247142725,
  "mean_abs_alpha": 3.070337324845839,
  "mean_abs_alpha_dot": 0.6644044440479633,
  "mean_abs_pwm": 60.0,
  "step": 40000,
  "phase": "randomized",
  "stage_name": "smoke_dr_0.10",
  "training_level": 0.1,
  "eval_randomization_level": 0.5
}