{
  "algorithm": "PPO",
  "timesteps": 81920,
  "total": 75000,
  "percent": 100.0,
  "fps": 2028.3899971086005,
  "elapsed_s": 40.38671070000055,
  "eta_s": 0.0
}