{
  "algorithm": "PPO",
  "timesteps": 81920,
  "total": 75000,
  "percent": 100.0,
  "fps": 2266.619333280132,
  "elapsed_s": 36.14193119999982,
  "eta_s": 0.0
}