{
  "episodes": 2,
  "randomization_level": 0.5,
  "mean_episode_reward": -5445.093134786141,
  "mean_reward_per_step": -13.61273283696535,
  "mean_length": 400.0,
  "mean_maintain_max_stable": 0.0,
  "stable_success_rate": 0.0,
  "capture_rate": 0.0,
  "mean_abs_theta": 2.8077232805944456,
  "mean_abs_theta_dot": 3.492394713687995,
  "mean_abs_alpha": 2.687923090556593,
  "mean_abs_alpha_dot": 3.164253378067975,
  "mean_abs_pwm": 120.4875,
  "step": 40000,
  "phase": "randomized",
  "stage_name": "smoke_dr_0.10",
  "training_level": 0.1,
  "eval_randomization_level": 0.5
}