{
  "algorithm": "PPO",
  "timesteps": 81920,
  "total": 75000,
  "percent": 100.0,
  "fps": 2032.5261295910339,
  "elapsed_s": 40.304524899998796,
  "eta_s": 0.0
}