{
  "algorithm": "PPO",
  "timesteps": 1000000,
  "total": 2000000,
  "percent": 50.0,
  "fps": 2835.944871730734,
  "elapsed_s": 352.61616329999924,
  "eta_s": 352.61616329999924
}