{
  "episodes": 2,
  "randomization_level": 0.5,
  "mean_episode_reward": -4496.3710081446225,
  "mean_reward_per_step": -11.240927520361556,
  "mean_length": 400.0,
  "mean_maintain_max_stable": 0.0,
  "stable_success_rate": 0.0,
  "capture_rate": 0.0,
  "mean_abs_theta": 3.223830488506648,
  "mean_abs_theta_dot": 4.804623220461103,
  "mean_abs_alpha": 2.347983855176421,
  "mean_abs_alpha_dot": 5.7621057012895385,
  "mean_abs_pwm": 147.525,
  "step": 40000,
  "phase": "randomized",
  "stage_name": "smoke_dr_0.10",
  "training_level": 0.1,
  "eval_randomization_level": 0.5
}