{
  "algorithm": "PPO",
  "timesteps": 81920,
  "total": 75000,
  "percent": 100.0,
  "fps": 2026.8260422267072,
  "elapsed_s": 40.41787419999855,
  "eta_s": 0.0
}