{
  "episodes": 2,
  "randomization_level": 0.0,
  "mean_episode_reward": -5440.2638238994805,
  "mean_reward_per_step": -13.600659559748703,
  "mean_length": 400.0,
  "mean_maintain_max_stable": 0.0,
  "stable_success_rate": 0.0,
  "capture_rate": 0.0,
  "mean_abs_theta": 9.238429910111341,
  "mean_abs_theta_dot": 9.860842410198781,
  "mean_abs_alpha": 2.6505570800167337,
  "mean_abs_alpha_dot": 1.2735943186380727,
  "mean_abs_pwm": 150.0,
  "step": 30000,
  "phase": "nominal",
  "stage_name": "smoke_nominal",
  "training_level": 0.0,
  "eval_randomization_level": 0.0
}