{
  "algorithm": "PPO",
  "timesteps": 1000000,
  "total": 2000000,
  "percent": 50.0,
  "fps": 2660.47176313243,
  "elapsed_s": 375.87318679999953,
  "eta_s": 375.87318679999953
}