{
  "episodes": 2,
  "randomization_level": 0.0,
  "mean_episode_reward": -5796.038490156623,
  "mean_reward_per_step": -14.490096225391557,
  "mean_length": 400.0,
  "mean_maintain_max_stable": 0.0,
  "stable_success_rate": 0.0,
  "capture_rate": 0.0,
  "mean_abs_theta": 2.886493780298138,
  "mean_abs_theta_dot": 3.0655983280627837,
  "mean_abs_alpha": 2.922846344356981,
  "mean_abs_alpha_dot": 2.1039406697328653,
  "mean_abs_pwm": 46.4625,
  "step": 30000,
  "phase": "nominal",
  "stage_name": "smoke_nominal",
  "training_level": 0.0,
  "eval_randomization_level": 0.0
}