{
  "episodes": 2,
  "randomization_level": 0.5,
  "mean_episode_reward": -5557.380920234808,
  "mean_reward_per_step": -13.893452300587022,
  "mean_length": 400.0,
  "mean_maintain_max_stable": 0.0,
  "stable_success_rate": 0.0,
  "capture_rate": 0.0,
  "mean_abs_theta": 3.102086191419048,
  "mean_abs_theta_dot": 3.881638650279828,
  "mean_abs_alpha": 2.811440170449119,
  "mean_abs_alpha_dot": 2.491270235086683,
  "mean_abs_pwm": 113.3625,
  "step": 40000,
  "phase": "randomized",
  "stage_name": "smoke_dr_0.10",
  "training_level": 0.1,
  "eval_randomization_level": 0.5
}