{
  "episodes": 5,
  "mean_reward": -6222.513600214466,
  "mean_length": 1000.0,
  "stable_success_rate": 1.0,
  "capture_rate": 1.0,
  "termination_rate": 0.0,
  "mean_abs_theta": 0.3899752396653851,
  "mean_abs_theta_dot": 1.0583058203671278,
  "mean_abs_alpha": 0.39321559077760143,
  "mean_abs_alpha_dot": 1.8440526263221133,
  "mean_abs_pwm": 32.78257175266743,
  "mean_pwm_abs_norm": 0.21855047835111618,
  "control_score": -6208.44923873983,
  "step": 920000,
  "phase": "nominal",
  "eval_randomization_level": 0.0
}