{
  "episodes": 2,
  "randomization_level": 0.5,
  "mean_episode_reward": -5947.529980402165,
  "mean_reward_per_step": -14.868824951005413,
  "mean_length": 400.0,
  "mean_maintain_max_stable": 0.0,
  "stable_success_rate": 0.0,
  "capture_rate": 0.0,
  "mean_abs_theta": 3.734345914079811,
  "mean_abs_theta_dot": 3.8545388089419292,
  "mean_abs_alpha": 3.041740820457979,
  "mean_abs_alpha_dot": 0.9863260782205141,
  "mean_abs_pwm": 90.0,
  "step": 40000,
  "phase": "randomized",
  "stage_name": "smoke_dr_0.10",
  "training_level": 0.1,
  "eval_randomization_level": 0.5
}