{
  "episodes": 2,
  "randomization_level": 0.5,
  "mean_episode_reward": -5966.967332599196,
  "mean_reward_per_step": -14.917418331497991,
  "mean_length": 400.0,
  "mean_maintain_max_stable": 0.0,
  "stable_success_rate": 0.0,
  "capture_rate": 0.0,
  "mean_abs_theta": 3.907462486952001,
  "mean_abs_theta_dot": 4.218985322747722,
  "mean_abs_alpha": 3.071399120300954,
  "mean_abs_alpha_dot": 0.6653963817070015,
  "mean_abs_pwm": 60.0,
  "step": 40000,
  "phase": "randomized",
  "stage_name": "smoke_dr_0.10",
  "training_level": 0.1,
  "eval_randomization_level": 0.5
}