{
  "algorithm": "PPO",
  "timesteps": 81920,
  "total": 75000,
  "percent": 100.0,
  "fps": 2285.515546618263,
  "elapsed_s": 35.84311650000018,
  "eta_s": 0.0
}