{
  "episodes": 2,
  "randomization_level": 0.0,
  "mean_episode_reward": -5905.547509975228,
  "mean_reward_per_step": -14.763868774938071,
  "mean_length": 400.0,
  "mean_maintain_max_stable": 0.0,
  "stable_success_rate": 0.0,
  "capture_rate": 0.0,
  "mean_abs_theta": 5.6789875315645055,
  "mean_abs_theta_dot": 6.13061998770837,
  "mean_abs_alpha": 2.983260016548672,
  "mean_abs_alpha_dot": 1.3655945943370704,
  "mean_abs_pwm": 93.07499999999999,
  "step": 10000,
  "phase": "nominal",
  "stage_name": "smoke_nominal",
  "training_level": 0.0,
  "eval_randomization_level": 0.0
}