{
  "episodes": 2,
  "randomization_level": 0.5,
  "mean_episode_reward": -5430.160328745364,
  "mean_reward_per_step": -13.575400821863408,
  "mean_length": 400.0,
  "mean_maintain_max_stable": 0.0,
  "stable_success_rate": 0.0,
  "capture_rate": 0.0,
  "mean_abs_theta": 4.59725018828575,
  "mean_abs_theta_dot": 5.490090714221726,
  "mean_abs_alpha": 2.6320278241630737,
  "mean_abs_alpha_dot": 2.205105396892938,
  "mean_abs_pwm": 128.4,
  "step": 40000,
  "phase": "randomized",
  "stage_name": "smoke_dr_0.10",
  "training_level": 0.1,
  "eval_randomization_level": 0.5
}