{
  "episodes": 2,
  "randomization_level": 0.5,
  "mean_episode_reward": -4803.84855552892,
  "mean_reward_per_step": -12.0096213888223,
  "mean_length": 400.0,
  "mean_maintain_max_stable": 0.0,
  "stable_success_rate": 0.0,
  "capture_rate": 0.0,
  "mean_abs_theta": 2.923450838834353,
  "mean_abs_theta_dot": 3.840255943011375,
  "mean_abs_alpha": 2.4575950304328917,
  "mean_abs_alpha_dot": 4.790665645370287,
  "mean_abs_pwm": 112.2375,
  "step": 40000,
  "phase": "randomized",
  "stage_name": "smoke_dr_0.10",
  "training_level": 0.1,
  "eval_randomization_level": 0.5
}