{
  "algorithm": "PPO",
  "timesteps": 81920,
  "total": 75000,
  "percent": 100.0,
  "fps": 2031.1567091577715,
  "elapsed_s": 40.33169849999831,
  "eta_s": 0.0
}