global_step,phase,eval_level,mean_reward_per_step,mean_episode_reward,stable_success_rate,capture_rate,mean_maintain_max_stable,mean_length
10000,nominal,0.0,-14.595444806683794,-5838.177922673518,0.0,0.0,0.0,400.0
20000,nominal,0.0,-14.943844792792813,-5977.537917117125,0.0,0.0,0.0,400.0
30000,nominal,0.0,-13.52665390992357,-5410.661563969428,0.0,0.0,0.0,400.0
40000,randomized,0.5,-14.90675103178728,-5962.700412714912,0.0,0.0,0.0,400.0
