{
  "episodes": 2,
  "randomization_level": 0.5,
  "mean_episode_reward": -5917.932890717179,
  "mean_reward_per_step": -14.794832226792948,
  "mean_length": 400.0,
  "mean_maintain_max_stable": 0.0,
  "stable_success_rate": 0.0,
  "capture_rate": 0.0,
  "mean_abs_theta": 4.809696979967834,
  "mean_abs_theta_dot": 5.185763825282288,
  "mean_abs_alpha": 3.0156176281128064,
  "mean_abs_alpha_dot": 0.7735827496503909,
  "mean_abs_pwm": 120.0,
  "step": 40000,
  "phase": "randomized",
  "stage_name": "smoke_dr_0.10",
  "training_level": 0.1,
  "eval_randomization_level": 0.5
}