{
  "episodes": 2,
  "randomization_level": 0.5,
  "mean_episode_reward": -5969.91352580263,
  "mean_reward_per_step": -14.924783814506576,
  "mean_length": 400.0,
  "mean_maintain_max_stable": 0.0,
  "stable_success_rate": 0.0,
  "capture_rate": 0.0,
  "mean_abs_theta": 2.472900034938709,
  "mean_abs_theta_dot": 2.6896838773533736,
  "mean_abs_alpha": 3.0714548713081764,
  "mean_abs_alpha_dot": 0.7478078313817584,
  "mean_abs_pwm": 60.0,
  "step": 40000,
  "phase": "randomized",
  "stage_name": "smoke_dr_0.10",
  "training_level": 0.1,
  "eval_randomization_level": 0.5
}