{
  "episodes": 2,
  "randomization_level": 0.5,
  "mean_episode_reward": -4224.120095206704,
  "mean_reward_per_step": -10.56030023801676,
  "mean_length": 400.0,
  "mean_maintain_max_stable": 0.0,
  "stable_success_rate": 0.0,
  "capture_rate": 0.0,
  "mean_abs_theta": 1.8133233469002792,
  "mean_abs_theta_dot": 3.7867712926616477,
  "mean_abs_alpha": 2.2499238567507724,
  "mean_abs_alpha_dot": 6.309415612542818,
  "mean_abs_pwm": 118.3125,
  "step": 40000,
  "phase": "randomized",
  "stage_name": "smoke_dr_0.10",
  "training_level": 0.1,
  "eval_randomization_level": 0.5
}