{
  "episodes": 2,
  "randomization_level": 0.5,
  "mean_episode_reward": -5890.491737841901,
  "mean_reward_per_step": -14.726229344604752,
  "mean_length": 400.0,
  "mean_maintain_max_stable": 0.0,
  "stable_success_rate": 0.0,
  "capture_rate": 0.0,
  "mean_abs_theta": 5.475037848925201,
  "mean_abs_theta_dot": 5.811371307796555,
  "mean_abs_alpha": 2.973403302352583,
  "mean_abs_alpha_dot": 1.353467074129298,
  "mean_abs_pwm": 91.8375,
  "step": 40000,
  "phase": "randomized",
  "stage_name": "smoke_dr_0.10",
  "training_level": 0.1,
  "eval_randomization_level": 0.5
}