{
  "episodes": 2,
  "randomization_level": 0.5,
  "mean_episode_reward": -5967.089967286799,
  "mean_reward_per_step": -14.917724918216997,
  "mean_length": 400.0,
  "mean_maintain_max_stable": 0.0,
  "stable_success_rate": 0.0,
  "capture_rate": 0.0,
  "mean_abs_theta": 3.1708881027737625,
  "mean_abs_theta_dot": 3.28685903343583,
  "mean_abs_alpha": 3.0619223426549707,
  "mean_abs_alpha_dot": 0.7248518520203022,
  "mean_abs_pwm": 90.0,
  "step": 40000,
  "phase": "randomized",
  "stage_name": "smoke_dr_0.10",
  "training_level": 0.1,
  "eval_randomization_level": 0.5
}