{
  "algorithm": "PPO",
  "timesteps": 500000,
  "total": 2000000,
  "percent": 25.0,
  "fps": 2711.1849437623573,
  "elapsed_s": 184.42120710000017,
  "eta_s": 553.2636213000005
}