{
  "algorithm": "PPO",
  "timesteps": 500000,
  "total": 2000000,
  "percent": 25.0,
  "fps": 2897.3946960672934,
  "elapsed_s": 172.5688255999994,
  "eta_s": 517.7064767999982
}