global_step,phase,eval_level,mean_reward_per_step,mean_episode_reward,stable_success_rate,capture_rate,mean_maintain_max_stable,mean_length
10000,nominal,0.0,-13.181490843189696,-5272.596337275878,0.0,0.0,0.0,400.0
20000,nominal,0.0,-14.902310232648773,-5960.92409305951,0.0,0.0,0.0,400.0
30000,nominal,0.0,-14.558057068095845,-5823.222827238338,0.0,0.0,0.0,400.0
40000,randomized,0.5,-11.049738760077823,-4419.895504031129,0.0,0.0,0.0,400.0
