global_step,phase,eval_level,mean_reward_per_step,mean_episode_reward,stable_success_rate,capture_rate,mean_maintain_max_stable,mean_length
10000,nominal,0.0,-14.39011923895134,-5756.047695580536,0.0,0.0,0.0,400.0
20000,nominal,0.0,-14.800147898694195,-5920.059159477678,0.0,0.0,0.0,400.0
30000,nominal,0.0,-12.742306901035018,-5096.922760414007,0.0,0.0,0.0,400.0
40000,randomized,0.5,-14.9666006291768,-5986.64025167072,0.0,0.0,0.0,400.0
