{
  "episodes": 2,
  "randomization_level": 0.5,
  "mean_episode_reward": -4505.517010242021,
  "mean_reward_per_step": -11.263792525605052,
  "mean_length": 400.0,
  "mean_maintain_max_stable": 0.0,
  "stable_success_rate": 0.0,
  "capture_rate": 0.0,
  "mean_abs_theta": 2.0667361689622483,
  "mean_abs_theta_dot": 3.0466397656787265,
  "mean_abs_alpha": 2.337775153255685,
  "mean_abs_alpha_dot": 6.047104817440209,
  "mean_abs_pwm": 130.875,
  "step": 40000,
  "phase": "randomized",
  "stage_name": "smoke_dr_0.10",
  "training_level": 0.1,
  "eval_randomization_level": 0.5
}