{
  "algorithm": "PPO",
  "timesteps": 1000000,
  "total": 2000000,
  "percent": 50.0,
  "fps": 2621.85157031995,
  "elapsed_s": 381.4098446000007,
  "eta_s": 381.4098446000007
}