global_step,phase,eval_level,mean_reward_per_step,mean_episode_reward,stable_success_rate,capture_rate,mean_maintain_max_stable,mean_length
10000,nominal,0.0,-14.985825191195765,-5994.330076478307,0.0,0.0,0.0,400.0
20000,nominal,0.0,-13.467811256800811,-5387.124502720324,0.0,0.0,0.0,400.0
30000,nominal,0.0,-14.929328892332796,-5971.731556933119,0.0,0.0,0.0,400.0
40000,randomized,0.5,-11.725636467353041,-4690.254586941217,0.0,0.0,0.0,400.0
