global_step,phase,eval_level,mean_reward_per_step,mean_episode_reward,stable_success_rate,capture_rate,mean_maintain_max_stable,mean_length
10000,nominal,0.0,-14.488451609800121,-5795.380643920049,0.0,0.0,0.0,400.0
20000,nominal,0.0,-14.546282686676175,-5818.51307467047,0.0,0.0,0.0,400.0
30000,nominal,0.0,-13.514088689158292,-5405.635475663317,0.0,0.0,0.0,400.0
40000,randomized,0.5,-12.240061476963987,-4896.024590785595,0.0,0.0,0.0,400.0
