{
  "algorithm": "PPO",
  "timesteps": 2007040,
  "total": 2000000,
  "percent": 100.0,
  "fps": 2868.0356046317193,
  "elapsed_s": 699.7960544000016,
  "eta_s": 0.0
}