{
  "episodes": 2,
  "randomization_level": 0.5,
  "mean_episode_reward": -5507.340183343643,
  "mean_reward_per_step": -13.768350458359107,
  "mean_length": 400.0,
  "mean_maintain_max_stable": 0.0,
  "stable_success_rate": 0.0,
  "capture_rate": 0.0,
  "mean_abs_theta": 1.9556553777040226,
  "mean_abs_theta_dot": 2.524588679059279,
  "mean_abs_alpha": 2.7924595331898296,
  "mean_abs_alpha_dot": 2.4920785835211623,
  "mean_abs_pwm": 89.4375,
  "step": 40000,
  "phase": "randomized",
  "stage_name": "smoke_dr_0.10",
  "training_level": 0.1,
  "eval_randomization_level": 0.5
}