global_step,phase,eval_level,mean_reward_per_step,mean_episode_reward,stable_success_rate,capture_rate,mean_maintain_max_stable,mean_length
10000,nominal,0.0,-14.98709853522957,-5994.839414091828,0.0,0.0,0.0,400.0
20000,nominal,0.0,-14.340914881485606,-5736.365952594242,0.0,0.0,0.0,400.0
30000,nominal,0.0,-14.984970969167625,-5993.98838766705,0.0,0.0,0.0,400.0
40000,randomized,0.5,-13.959746350078532,-5583.898540031412,0.0,0.0,0.0,400.0
