{
  "algorithm": "PPO",
  "timesteps": 1000000,
  "total": 2000000,
  "percent": 50.0,
  "fps": 2667.8534381472346,
  "elapsed_s": 374.83318449999933,
  "eta_s": 374.83318449999933
}