{
  "episodes": 2,
  "randomization_level": 0.5,
  "mean_episode_reward": -4440.533113473879,
  "mean_reward_per_step": -11.101332783684697,
  "mean_length": 400.0,
  "mean_maintain_max_stable": 0.0,
  "stable_success_rate": 0.0,
  "capture_rate": 0.0,
  "mean_abs_theta": 1.6385176220528734,
  "mean_abs_theta_dot": 2.7141646558797996,
  "mean_abs_alpha": 2.337007091734304,
  "mean_abs_alpha_dot": 6.0279870967844165,
  "mean_abs_pwm": 102.86250000000001,
  "step": 40000,
  "phase": "randomized",
  "stage_name": "smoke_dr_0.10",
  "training_level": 0.1,
  "eval_randomization_level": 0.5
}