{
  "episodes": 2,
  "randomization_level": 0.5,
  "mean_episode_reward": -5900.914246532522,
  "mean_reward_per_step": -14.752285616331307,
  "mean_length": 400.0,
  "mean_maintain_max_stable": 0.0,
  "stable_success_rate": 0.0,
  "capture_rate": 0.0,
  "mean_abs_theta": 5.421254458448081,
  "mean_abs_theta_dot": 5.6530310706080975,
  "mean_abs_alpha": 3.0023734678839555,
  "mean_abs_alpha_dot": 1.2491520334077766,
  "mean_abs_pwm": 120.0,
  "step": 40000,
  "phase": "randomized",
  "stage_name": "smoke_dr_0.10",
  "training_level": 0.1,
  "eval_randomization_level": 0.5
}