{
  "algorithm": "PPO",
  "timesteps": 81920,
  "total": 75000,
  "percent": 100.0,
  "fps": 2129.784391516287,
  "elapsed_s": 38.463987400000406,
  "eta_s": 0.0
}