{
  "episodes": 2,
  "randomization_level": 0.5,
  "mean_episode_reward": -4858.109166836626,
  "mean_reward_per_step": -12.145272917091567,
  "mean_length": 400.0,
  "mean_maintain_max_stable": 0.0,
  "stable_success_rate": 0.0,
  "capture_rate": 0.0,
  "mean_abs_theta": 0.6086296017578854,
  "mean_abs_theta_dot": 1.9336675200166256,
  "mean_abs_alpha": 2.4670189062608086,
  "mean_abs_alpha_dot": 5.387345724677209,
  "mean_abs_pwm": 101.25,
  "step": 40000,
  "phase": "randomized",
  "stage_name": "smoke_dr_0.10",
  "training_level": 0.1,
  "eval_randomization_level": 0.5
}