global_step,phase,eval_level,mean_reward_per_step,mean_episode_reward,stable_success_rate,capture_rate,mean_maintain_max_stable,mean_length
10000,nominal,0.0,-14.983571129598184,-5993.428451839274,0.0,0.0,0.0,400.0
20000,nominal,0.0,-14.495095250884923,-5798.038100353969,0.0,0.0,0.0,400.0
30000,nominal,0.0,-14.98428599545019,-5993.7143981800755,0.0,0.0,0.0,400.0
40000,randomized,0.5,-13.989215624399343,-5595.686249759738,0.0,0.0,0.0,400.0
