{
  "algorithm": "PPO",
  "timesteps": 81920,
  "total": 75000,
  "percent": 100.0,
  "fps": 2155.575980901023,
  "elapsed_s": 38.00376359999973,
  "eta_s": 0.0
}