{
  "algorithm": "PPO",
  "timesteps": 2007040,
  "total": 2000000,
  "percent": 100.0,
  "fps": 2868.898597809352,
  "elapsed_s": 699.5855487999979,
  "eta_s": 0.0
}