global_step,phase,eval_level,mean_reward_per_step,mean_episode_reward,stable_success_rate,capture_rate,mean_maintain_max_stable,mean_length
10000,nominal,0.0,-14.985636165005626,-5994.25446600225,0.0,0.0,0.0,400.0
20000,nominal,0.0,-14.929887157716394,-5971.954863086557,0.0,0.0,0.0,400.0
30000,nominal,0.0,-14.82621963558061,-5930.487854232244,0.0,0.0,0.0,400.0
40000,randomized,0.5,-12.466232733546692,-4986.493093418677,0.0,0.0,0.0,400.0
