{
  "algorithm": "PPO",
  "timesteps": 81920,
  "total": 75000,
  "percent": 100.0,
  "fps": 1932.2090812217768,
  "elapsed_s": 42.39706810000098,
  "eta_s": 0.0
}