global_step,phase,eval_level,mean_reward_per_step,mean_episode_reward,stable_success_rate,capture_rate,mean_maintain_max_stable,mean_length
10000,nominal,0.0,-14.72462167834349,-5889.848671337397,0.0,0.0,0.0,400.0
20000,nominal,0.0,-14.985405769608496,-5994.162307843399,0.0,0.0,0.0,400.0
30000,nominal,0.0,-9.934851670261292,-3973.9406681045166,0.0,0.0,0.0,400.0
40000,randomized,0.5,-11.77745285614105,-4710.98114245642,0.0,0.0,0.0,400.0
