{
  "episodes": 2,
  "randomization_level": 0.5,
  "mean_episode_reward": -5960.581050305796,
  "mean_reward_per_step": -14.901452625764492,
  "mean_length": 400.0,
  "mean_maintain_max_stable": 0.0,
  "stable_success_rate": 0.0,
  "capture_rate": 0.0,
  "mean_abs_theta": 3.8133695677197466,
  "mean_abs_theta_dot": 4.143338504657553,
  "mean_abs_alpha": 3.059403080665902,
  "mean_abs_alpha_dot": 0.7036243138651618,
  "mean_abs_pwm": 90.0,
  "step": 40000,
  "phase": "randomized",
  "stage_name": "smoke_dr_0.10",
  "training_level": 0.1,
  "eval_randomization_level": 0.5
}