{
  "algorithm": "PPO",
  "timesteps": 81920,
  "total": 75000,
  "percent": 100.0,
  "fps": 2155.808053345718,
  "elapsed_s": 37.99967250000009,
  "eta_s": 0.0
}