{
  "algorithm": "PPO",
  "timesteps": 81920,
  "total": 75000,
  "percent": 100.0,
  "fps": 1783.4498216487248,
  "elapsed_s": 45.933448199999475,
  "eta_s": 0.0
}