{
  "algorithm": "PPO",
  "timesteps": 81920,
  "total": 75000,
  "percent": 100.0,
  "fps": 2131.369986347546,
  "elapsed_s": 38.43537280000055,
  "eta_s": 0.0
}