{
  "algorithm": "PPO",
  "timesteps": 81920,
  "total": 75000,
  "percent": 100.0,
  "fps": 2301.5324019660584,
  "elapsed_s": 35.593676599999526,
  "eta_s": 0.0
}