{
  "episodes": 2,
  "randomization_level": 0.5,
  "mean_episode_reward": -5879.41046235053,
  "mean_reward_per_step": -14.698526155876324,
  "mean_length": 400.0,
  "mean_maintain_max_stable": 0.0,
  "stable_success_rate": 0.0,
  "capture_rate": 0.0,
  "mean_abs_theta": 5.537308581913386,
  "mean_abs_theta_dot": 5.916461715738183,
  "mean_abs_alpha": 2.9811340671591404,
  "mean_abs_alpha_dot": 1.3142883223674102,
  "mean_abs_pwm": 120.0,
  "step": 40000,
  "phase": "randomized",
  "stage_name": "smoke_dr_0.10",
  "training_level": 0.1,
  "eval_randomization_level": 0.5
}