global_step,phase,eval_level,mean_reward_per_step,mean_episode_reward,stable_success_rate,capture_rate,mean_maintain_max_stable,mean_length
10000,nominal,0.0,-14.944636345367584,-5977.854538147034,0.0,0.0,0.0,400.0
20000,nominal,0.0,-14.940204139622377,-5976.0816558489505,0.0,0.0,0.0,400.0
30000,nominal,0.0,-8.929041131079458,-3571.6164524317837,0.0,0.0,0.0,400.0
40000,randomized,0.5,-14.67500575697667,-5870.002302790668,0.0,0.0,0.0,400.0
