{
  "episodes": 2,
  "randomization_level": 0.5,
  "mean_episode_reward": -5941.926514620466,
  "mean_reward_per_step": -14.854816286551166,
  "mean_length": 400.0,
  "mean_maintain_max_stable": 0.0,
  "stable_success_rate": 0.0,
  "capture_rate": 0.0,
  "mean_abs_theta": 5.076906495401014,
  "mean_abs_theta_dot": 5.475970921253257,
  "mean_abs_alpha": 3.0414989114393824,
  "mean_abs_alpha_dot": 0.8353700651592031,
  "mean_abs_pwm": 90.0,
  "step": 40000,
  "phase": "randomized",
  "stage_name": "smoke_dr_0.10",
  "training_level": 0.1,
  "eval_randomization_level": 0.5
}