{
  "algorithm": "PPO",
  "timesteps": 81920,
  "total": 75000,
  "percent": 100.0,
  "fps": 2036.0775797553454,
  "elapsed_s": 40.23422329999994,
  "eta_s": 0.0
}