{
  "episodes": 2,
  "randomization_level": 0.5,
  "mean_episode_reward": -5102.383449628727,
  "mean_reward_per_step": -12.755958624071818,
  "mean_length": 400.0,
  "mean_maintain_max_stable": 0.0,
  "stable_success_rate": 0.0,
  "capture_rate": 0.0,
  "mean_abs_theta": 2.1781771675081574,
  "mean_abs_theta_dot": 2.919373497550513,
  "mean_abs_alpha": 2.5589542507183594,
  "mean_abs_alpha_dot": 4.45653466574232,
  "mean_abs_pwm": 106.01249999999999,
  "step": 40000,
  "phase": "randomized",
  "stage_name": "smoke_dr_0.10",
  "training_level": 0.1,
  "eval_randomization_level": 0.5
}