{
  "episodes": 2,
  "randomization_level": 0.0,
  "mean_episode_reward": -5253.459538342093,
  "mean_reward_per_step": -13.133648845855234,
  "mean_length": 400.0,
  "mean_maintain_max_stable": 0.0,
  "stable_success_rate": 0.0,
  "capture_rate": 0.0,
  "mean_abs_theta": 5.149807990127309,
  "mean_abs_theta_dot": 4.682710334768567,
  "mean_abs_alpha": 2.5772917133712556,
  "mean_abs_alpha_dot": 4.075595242141315,
  "mean_abs_pwm": 101.475,
  "step": 20000,
  "phase": "nominal",
  "stage_name": "smoke_nominal",
  "training_level": 0.0,
  "eval_randomization_level": 0.0
}