{
  "episodes": 2,
  "randomization_level": 0.5,
  "mean_episode_reward": -5737.938448927952,
  "mean_reward_per_step": -14.344846122319879,
  "mean_length": 400.0,
  "mean_maintain_max_stable": 0.0,
  "stable_success_rate": 0.0,
  "capture_rate": 0.0,
  "mean_abs_theta": 6.599266795186687,
  "mean_abs_theta_dot": 7.031142162935263,
  "mean_abs_alpha": 2.8730262947142777,
  "mean_abs_alpha_dot": 1.2918945209722001,
  "mean_abs_pwm": 150.0,
  "step": 40000,
  "phase": "randomized",
  "stage_name": "smoke_dr_0.10",
  "training_level": 0.1,
  "eval_randomization_level": 0.5
}