{
  "episodes": 2,
  "randomization_level": 0.5,
  "mean_episode_reward": -4918.843810900122,
  "mean_reward_per_step": -12.297109527250303,
  "mean_length": 400.0,
  "mean_maintain_max_stable": 0.0,
  "stable_success_rate": 0.0,
  "capture_rate": 0.0,
  "mean_abs_theta": 0.8388592304152181,
  "mean_abs_theta_dot": 2.9623367510269563,
  "mean_abs_alpha": 2.4825088756822673,
  "mean_abs_alpha_dot": 4.685995487192525,
  "mean_abs_pwm": 98.51249999999999,
  "step": 40000,
  "phase": "randomized",
  "stage_name": "smoke_dr_0.10",
  "training_level": 0.1,
  "eval_randomization_level": 0.5
}