global_step,phase,eval_level,mean_reward_per_step,mean_episode_reward,stable_success_rate,capture_rate,mean_maintain_max_stable,mean_length
10000,nominal,0.0,-13.362018781578787,-5344.807512631514,0.0,0.0,0.0,400.0
20000,nominal,0.0,-14.935549918777994,-5974.219967511197,0.0,0.0,0.0,400.0
30000,nominal,0.0,-14.852678442831763,-5941.071377132705,0.0,0.0,0.0,400.0
40000,randomized,0.5,-13.021250982932262,-5208.500393172905,0.0,0.0,0.0,400.0
