global_step,phase,eval_level,mean_reward_per_step,mean_episode_reward,stable_success_rate,capture_rate,mean_maintain_max_stable,mean_length
10000,nominal,0.0,-14.596859306915883,-5838.743722766353,0.0,0.0,0.0,400.0
20000,nominal,0.0,-14.927598398103317,-5971.0393592413275,0.0,0.0,0.0,400.0
30000,nominal,0.0,-13.511843315097124,-5404.7373260388495,0.0,0.0,0.0,400.0
40000,randomized,0.5,-11.8309949895101,-4732.39799580404,0.0,0.0,0.0,400.0
