global_step,phase,eval_level,mean_reward_per_step,mean_episode_reward,stable_success_rate,capture_rate,mean_maintain_max_stable,mean_length
10000,nominal,0.0,-14.921527413629844,-5968.610965451938,0.0,0.0,0.0,400.0
20000,nominal,0.0,-13.44528940350966,-5378.115761403864,0.0,0.0,0.0,400.0
30000,nominal,0.0,-14.971554153586776,-5988.62166143471,0.0,0.0,0.0,400.0
40000,randomized,0.5,-13.057832447331409,-5223.132978932563,0.0,0.0,0.0,400.0
