{
  "algorithm": "PPO",
  "timesteps": 2007040,
  "total": 2000000,
  "percent": 100.0,
  "fps": 2864.087308685456,
  "elapsed_s": 700.7607602999997,
  "eta_s": 0.0
}