{
  "algorithm": "PPO",
  "timesteps": 81920,
  "total": 75000,
  "percent": 100.0,
  "fps": 2268.725010635841,
  "elapsed_s": 36.108386699999755,
  "eta_s": 0.0
}