{
  "episodes": 2,
  "randomization_level": 0.5,
  "mean_episode_reward": -5213.538897330269,
  "mean_reward_per_step": -13.03384724332567,
  "mean_length": 400.0,
  "mean_maintain_max_stable": 0.0,
  "stable_success_rate": 0.0,
  "capture_rate": 0.0,
  "mean_abs_theta": 0.6648289679118602,
  "mean_abs_theta_dot": 2.5310146347124816,
  "mean_abs_alpha": 2.5909562336526757,
  "mean_abs_alpha_dot": 4.264551801620172,
  "mean_abs_pwm": 132.0375,
  "step": 40000,
  "phase": "randomized",
  "stage_name": "smoke_dr_0.10",
  "training_level": 0.1,
  "eval_randomization_level": 0.5
}