global_step,phase,eval_level,mean_reward_per_step,mean_episode_reward,stable_success_rate,capture_rate,mean_maintain_max_stable,mean_length
10000,nominal,0.0,-14.669055929664383,-5867.622371865753,0.0,0.0,0.0,400.0
20000,nominal,0.0,-13.689106449544362,-5475.642579817745,0.0,0.0,0.0,400.0
30000,nominal,0.0,-14.56646656020733,-5826.586624082932,0.0,0.0,0.0,400.0
40000,randomized,0.5,-14.698301279388428,-5879.320511755372,0.0,0.0,0.0,400.0
