{
  "algorithm": "PPO",
  "timesteps": 81920,
  "total": 75000,
  "percent": 100.0,
  "fps": 2259.2686697121985,
  "elapsed_s": 36.25952110000071,
  "eta_s": 0.0
}