{
  "episodes": 2,
  "randomization_level": 0.5,
  "mean_episode_reward": -5208.500393172905,
  "mean_reward_per_step": -13.021250982932262,
  "mean_length": 400.0,
  "mean_maintain_max_stable": 0.0,
  "stable_success_rate": 0.0,
  "capture_rate": 0.0,
  "mean_abs_theta": 1.9226203643805198,
  "mean_abs_theta_dot": 2.841843725574462,
  "mean_abs_alpha": 2.6990355000072013,
  "mean_abs_alpha_dot": 3.2803328424848193,
  "mean_abs_pwm": 91.2,
  "step": 40000,
  "phase": "randomized",
  "stage_name": "smoke_dr_0.10",
  "training_level": 0.1,
  "eval_randomization_level": 0.5
}