{
  "episodes": 2,
  "randomization_level": 0.5,
  "mean_episode_reward": -5685.901972339014,
  "mean_reward_per_step": -14.214754930847537,
  "mean_length": 400.0,
  "mean_maintain_max_stable": 0.0,
  "stable_success_rate": 0.0,
  "capture_rate": 0.0,
  "mean_abs_theta": 3.084527325542131,
  "mean_abs_theta_dot": 4.184391107974976,
  "mean_abs_alpha": 2.843170671723003,
  "mean_abs_alpha_dot": 1.7958235206359978,
  "mean_abs_pwm": 115.7625,
  "step": 40000,
  "phase": "randomized",
  "stage_name": "smoke_dr_0.10",
  "training_level": 0.1,
  "eval_randomization_level": 0.5
}