{
  "episodes": 2,
  "randomization_level": 0.5,
  "mean_episode_reward": -5267.917141918457,
  "mean_reward_per_step": -13.169792854796142,
  "mean_length": 400.0,
  "mean_maintain_max_stable": 0.0,
  "stable_success_rate": 0.0,
  "capture_rate": 0.0,
  "mean_abs_theta": 1.0306954668766504,
  "mean_abs_theta_dot": 3.295511329127841,
  "mean_abs_alpha": 2.630695321999836,
  "mean_abs_alpha_dot": 3.531969772122377,
  "mean_abs_pwm": 132.525,
  "step": 40000,
  "phase": "randomized",
  "stage_name": "smoke_dr_0.10",
  "training_level": 0.1,
  "eval_randomization_level": 0.5
}