{
  "episodes": 2,
  "randomization_level": 0.0,
  "mean_episode_reward": -4530.8438319339175,
  "mean_reward_per_step": -11.327109579834794,
  "mean_length": 400.0,
  "mean_maintain_max_stable": 0.0,
  "stable_success_rate": 0.0,
  "capture_rate": 0.0,
  "mean_abs_theta": 4.381385472320246,
  "mean_abs_theta_dot": 6.141336210500129,
  "mean_abs_alpha": 2.4446499396035333,
  "mean_abs_alpha_dot": 5.076106213236623,
  "mean_abs_pwm": 126.8625,
  "step": 30000,
  "phase": "nominal",
  "stage_name": "smoke_nominal",
  "training_level": 0.0,
  "eval_randomization_level": 0.0
}