{
  "episodes": 2,
  "randomization_level": 0.5,
  "mean_episode_reward": -4710.98114245642,
  "mean_reward_per_step": -11.77745285614105,
  "mean_length": 400.0,
  "mean_maintain_max_stable": 0.0,
  "stable_success_rate": 0.0,
  "capture_rate": 0.0,
  "mean_abs_theta": 0.9084031748279923,
  "mean_abs_theta_dot": 2.9596253132917276,
  "mean_abs_alpha": 2.417528204251194,
  "mean_abs_alpha_dot": 5.605855109723262,
  "mean_abs_pwm": 130.3875,
  "step": 40000,
  "phase": "randomized",
  "stage_name": "smoke_dr_0.10",
  "training_level": 0.1,
  "eval_randomization_level": 0.5
}