{
  "episodes": 2,
  "randomization_level": 0.5,
  "mean_episode_reward": -5879.320511755372,
  "mean_reward_per_step": -14.698301279388428,
  "mean_length": 400.0,
  "mean_maintain_max_stable": 0.0,
  "stable_success_rate": 0.0,
  "capture_rate": 0.0,
  "mean_abs_theta": 5.887146527040473,
  "mean_abs_theta_dot": 6.263264735547704,
  "mean_abs_alpha": 2.9822627000852826,
  "mean_abs_alpha_dot": 1.0469110733285252,
  "mean_abs_pwm": 150.0,
  "step": 40000,
  "phase": "randomized",
  "stage_name": "smoke_dr_0.10",
  "training_level": 0.1,
  "eval_randomization_level": 0.5
}