{
  "episodes": 2,
  "randomization_level": 0.5,
  "mean_episode_reward": -5722.168361814993,
  "mean_reward_per_step": -14.305420904537481,
  "mean_length": 400.0,
  "mean_maintain_max_stable": 0.0,
  "stable_success_rate": 0.0,
  "capture_rate": 0.0,
  "mean_abs_theta": 6.470618279343899,
  "mean_abs_theta_dot": 6.825194634621488,
  "mean_abs_alpha": 2.8313587790947303,
  "mean_abs_alpha_dot": 1.6934420553466403,
  "mean_abs_pwm": 136.9125,
  "step": 40000,
  "phase": "randomized",
  "stage_name": "smoke_dr_0.10",
  "training_level": 0.1,
  "eval_randomization_level": 0.5
}