global_step,phase,eval_level,mean_reward_per_step,mean_episode_reward,stable_success_rate,capture_rate,mean_maintain_max_stable,mean_length
10000,nominal,0.0,-14.525407290620958,-5810.162916248383,0.0,0.0,0.0,400.0
20000,nominal,0.0,-14.979189468745535,-5991.675787498214,0.0,0.0,0.0,400.0
30000,nominal,0.0,-14.4840211111041,-5793.60844444164,0.0,0.0,0.0,400.0
40000,randomized,0.5,-11.736246560656262,-4694.498624262505,0.0,0.0,0.0,400.0
