{
  "algorithm": "PPO",
  "timesteps": 81920,
  "total": 75000,
  "percent": 100.0,
  "fps": 2192.031906223106,
  "elapsed_s": 37.37171880000096,
  "eta_s": 0.0
}