{
  "algorithm": "PPO",
  "timesteps": 81920,
  "total": 75000,
  "percent": 100.0,
  "fps": 2021.5545689487935,
  "elapsed_s": 40.52326919999905,
  "eta_s": 0.0
}