{
  "algorithm": "PPO",
  "timesteps": 81920,
  "total": 75000,
  "percent": 100.0,
  "fps": 2043.9473174674479,
  "elapsed_s": 40.079310900000564,
  "eta_s": 0.0
}