{
  "algorithm": "PPO",
  "timesteps": 81920,
  "total": 75000,
  "percent": 100.0,
  "fps": 2250.186336002044,
  "elapsed_s": 36.405873900002916,
  "eta_s": 0.0
}