{
  "algorithm": "PPO",
  "timesteps": 81920,
  "total": 75000,
  "percent": 100.0,
  "fps": 2146.973323227369,
  "elapsed_s": 38.15604000000167,
  "eta_s": 0.0
}