{
  "algorithm": "PPO",
  "timesteps": 81920,
  "total": 75000,
  "percent": 100.0,
  "fps": 1787.0872067972668,
  "elapsed_s": 45.839956599998914,
  "eta_s": 0.0
}