{
  "episodes": 2,
  "randomization_level": 0.0,
  "mean_episode_reward": -4386.454062546783,
  "mean_reward_per_step": -10.966135156366956,
  "mean_length": 400.0,
  "mean_maintain_max_stable": 0.0,
  "stable_success_rate": 0.0,
  "capture_rate": 0.0,
  "mean_abs_theta": 2.1955302983972516,
  "mean_abs_theta_dot": 2.4608777672121716,
  "mean_abs_alpha": 2.2901379213915143,
  "mean_abs_alpha_dot": 6.940331447250079,
  "mean_abs_pwm": 78.4875,
  "step": 20000,
  "phase": "nominal",
  "stage_name": "smoke_nominal",
  "training_level": 0.0,
  "eval_randomization_level": 0.0
}