{
  "episodes": 2,
  "randomization_level": 0.5,
  "mean_episode_reward": -5826.871692383129,
  "mean_reward_per_step": -14.567179230957823,
  "mean_length": 400.0,
  "mean_maintain_max_stable": 0.0,
  "stable_success_rate": 0.0,
  "capture_rate": 0.0,
  "mean_abs_theta": 7.304124468113438,
  "mean_abs_theta_dot": 7.600436588391154,
  "mean_abs_alpha": 2.9409490349706084,
  "mean_abs_alpha_dot": 1.247096166148022,
  "mean_abs_pwm": 150.0,
  "step": 40000,
  "phase": "randomized",
  "stage_name": "smoke_dr_0.10",
  "training_level": 0.1,
  "eval_randomization_level": 0.5
}