{
  "episodes": 2,
  "randomization_level": 0.5,
  "mean_episode_reward": -5267.20021890793,
  "mean_reward_per_step": -13.168000547269827,
  "mean_length": 400.0,
  "mean_maintain_max_stable": 0.0,
  "stable_success_rate": 0.0,
  "capture_rate": 0.0,
  "mean_abs_theta": 2.712656770714526,
  "mean_abs_theta_dot": 5.268241011293465,
  "mean_abs_alpha": 2.6403072050217027,
  "mean_abs_alpha_dot": 3.254694953734045,
  "mean_abs_pwm": 113.325,
  "step": 40000,
  "phase": "randomized",
  "stage_name": "smoke_dr_0.10",
  "training_level": 0.1,
  "eval_randomization_level": 0.5
}