global_step,phase,eval_level,mean_reward_per_step,mean_episode_reward,stable_success_rate,capture_rate,mean_maintain_max_stable,mean_length
10000,nominal,0.0,-13.391414440750209,-5356.565776300084,0.0,0.0,0.0,400.0
20000,nominal,0.0,-14.924385388798376,-5969.75415551935,0.0,0.0,0.0,400.0
30000,nominal,0.0,-13.55145122909683,-5420.580491638732,0.0,0.0,0.0,400.0
40000,randomized,0.5,-13.61273283696535,-5445.093134786141,0.0,0.0,0.0,400.0
