global_step,phase,eval_level,mean_reward_per_step,mean_episode_reward,stable_success_rate,capture_rate,mean_maintain_max_stable,mean_length
10000,nominal,0.0,-14.590245055845738,-5836.098022338295,0.0,0.0,0.0,400.0
20000,nominal,0.0,-14.48721098596721,-5794.884394386883,0.0,0.0,0.0,400.0
30000,nominal,0.0,-14.918394349110219,-5967.357739644088,0.0,0.0,0.0,400.0
40000,randomized,0.5,-14.760085256514053,-5904.034102605621,0.0,0.0,0.0,400.0
