{
  "episodes": 2,
  "randomization_level": 0.5,
  "mean_episode_reward": -5870.002302790668,
  "mean_reward_per_step": -14.67500575697667,
  "mean_length": 400.0,
  "mean_maintain_max_stable": 0.0,
  "stable_success_rate": 0.0,
  "capture_rate": 0.0,
  "mean_abs_theta": 5.520632279389659,
  "mean_abs_theta_dot": 5.720897533018643,
  "mean_abs_alpha": 2.9569445152681206,
  "mean_abs_alpha_dot": 1.395443513946961,
  "mean_abs_pwm": 125.51249999999999,
  "step": 40000,
  "phase": "randomized",
  "stage_name": "smoke_dr_0.10",
  "training_level": 0.1,
  "eval_randomization_level": 0.5
}