{
  "algorithm": "PPO",
  "timesteps": 81920,
  "total": 75000,
  "percent": 100.0,
  "fps": 2076.531901334822,
  "elapsed_s": 39.45039319999887,
  "eta_s": 0.0
}