{
  "algorithm": "PPO",
  "timesteps": 210000,
  "total": 2000000,
  "percent": 10.5,
  "fps": 1850.2366523604196,
  "elapsed_s": 113.49899469999946,
  "eta_s": 967.443811966662
}