{
  "episodes": 2,
  "randomization_level": 0.5,
  "mean_episode_reward": -5595.686249759738,
  "mean_reward_per_step": -13.989215624399343,
  "mean_length": 400.0,
  "mean_maintain_max_stable": 0.0,
  "stable_success_rate": 0.0,
  "capture_rate": 0.0,
  "mean_abs_theta": 3.9551819798467984,
  "mean_abs_theta_dot": 4.299535336450871,
  "mean_abs_alpha": 2.766507850549762,
  "mean_abs_alpha_dot": 2.3566849507598553,
  "mean_abs_pwm": 124.2375,
  "step": 40000,
  "phase": "randomized",
  "stage_name": "smoke_dr_0.10",
  "training_level": 0.1,
  "eval_randomization_level": 0.5
}