{
  "algorithm": "PPO",
  "timesteps": 170272,
  "total": 4000000,
  "percent": 4.2568,
  "fps": 793.4459256550294,
  "elapsed_s": 214.5981150000007,
  "eta_s": 4826.703214637301
}