{
  "algorithm": "PPO",
  "timesteps": 1000000,
  "total": 2000000,
  "percent": 50.0,
  "fps": 2870.4340839605097,
  "elapsed_s": 348.37936380000065,
  "eta_s": 348.37936380000065
}