{
  "episodes": 2,
  "randomization_level": 0.5,
  "mean_episode_reward": -4376.713221406524,
  "mean_reward_per_step": -10.94178305351631,
  "mean_length": 400.0,
  "mean_maintain_max_stable": 0.0,
  "stable_success_rate": 0.0,
  "capture_rate": 0.0,
  "mean_abs_theta": 2.993894928585402,
  "mean_abs_theta_dot": 4.561401401369712,
  "mean_abs_alpha": 2.309212023221992,
  "mean_abs_alpha_dot": 6.263871279666267,
  "mean_abs_pwm": 139.35,
  "step": 40000,
  "phase": "randomized",
  "stage_name": "smoke_dr_0.10",
  "training_level": 0.1,
  "eval_randomization_level": 0.5
}