{
  "episodes": 2,
  "randomization_level": 0.5,
  "mean_episode_reward": -4399.711273039407,
  "mean_reward_per_step": -10.99927818259852,
  "mean_length": 400.0,
  "mean_maintain_max_stable": 0.0,
  "stable_success_rate": 0.0,
  "capture_rate": 0.0,
  "mean_abs_theta": 1.2488604991811578,
  "mean_abs_theta_dot": 2.4308629515726983,
  "mean_abs_alpha": 2.311170529189242,
  "mean_abs_alpha_dot": 6.244123463065448,
  "mean_abs_pwm": 117.1875,
  "step": 40000,
  "phase": "randomized",
  "stage_name": "smoke_dr_0.10",
  "training_level": 0.1,
  "eval_randomization_level": 0.5
}