{
  "algorithm": "PPO",
  "timesteps": 81920,
  "total": 75000,
  "percent": 100.0,
  "fps": 2277.0004768081308,
  "elapsed_s": 35.9771553999999,
  "eta_s": 0.0
}