{
  "episodes": 2,
  "randomization_level": 0.0,
  "mean_episode_reward": -5721.815947071389,
  "mean_reward_per_step": -14.304539867678473,
  "mean_length": 400.0,
  "mean_maintain_max_stable": 0.0,
  "stable_success_rate": 0.0,
  "capture_rate": 0.0,
  "mean_abs_theta": 6.542493999094539,
  "mean_abs_theta_dot": 6.6425679924113705,
  "mean_abs_alpha": 2.8082267390623183,
  "mean_abs_alpha_dot": 1.6613423056555945,
  "mean_abs_pwm": 118.05,
  "step": 20000,
  "phase": "nominal",
  "stage_name": "smoke_nominal",
  "training_level": 0.0,
  "eval_randomization_level": 0.0
}