{
  "episodes": 2,
  "randomization_level": 0.5,
  "mean_episode_reward": -4419.895504031129,
  "mean_reward_per_step": -11.049738760077823,
  "mean_length": 400.0,
  "mean_maintain_max_stable": 0.0,
  "stable_success_rate": 0.0,
  "capture_rate": 0.0,
  "mean_abs_theta": 1.8999098981275524,
  "mean_abs_theta_dot": 3.6423152123377065,
  "mean_abs_alpha": 2.3036557345804183,
  "mean_abs_alpha_dot": 5.88622538003346,
  "mean_abs_pwm": 135.0,
  "step": 40000,
  "phase": "randomized",
  "stage_name": "smoke_dr_0.10",
  "training_level": 0.1,
  "eval_randomization_level": 0.5
}