{
  "episodes": 2,
  "randomization_level": 0.5,
  "mean_episode_reward": -5092.406435027144,
  "mean_reward_per_step": -12.731016087567859,
  "mean_length": 400.0,
  "mean_maintain_max_stable": 0.0,
  "stable_success_rate": 0.0,
  "capture_rate": 0.0,
  "mean_abs_theta": 1.3175247466775777,
  "mean_abs_theta_dot": 4.3492122193265255,
  "mean_abs_alpha": 2.572086983090291,
  "mean_abs_alpha_dot": 3.771657016833876,
  "mean_abs_pwm": 145.3875,
  "step": 40000,
  "phase": "randomized",
  "stage_name": "smoke_dr_0.10",
  "training_level": 0.1,
  "eval_randomization_level": 0.5
}