{
  "episodes": 2,
  "randomization_level": 0.0,
  "mean_episode_reward": -5979.06581432477,
  "mean_reward_per_step": -14.947664535811924,
  "mean_length": 400.0,
  "mean_maintain_max_stable": 0.0,
  "stable_success_rate": 0.0,
  "capture_rate": 0.0,
  "mean_abs_theta": 2.510089113514629,
  "mean_abs_theta_dot": 2.429672340947947,
  "mean_abs_alpha": 3.0697801676354413,
  "mean_abs_alpha_dot": 0.46732247652929026,
  "mean_abs_pwm": 36.2625,
  "step": 20000,
  "phase": "nominal",
  "stage_name": "smoke_nominal",
  "training_level": 0.0,
  "eval_randomization_level": 0.0
}