{
  "algorithm": "PPO",
  "timesteps": 81920,
  "total": 75000,
  "percent": 100.0,
  "fps": 2040.6889054859976,
  "elapsed_s": 40.14330639999753,
  "eta_s": 0.0
}