{
  "episodes": 2,
  "randomization_level": 0.0,
  "mean_episode_reward": -4895.064499443732,
  "mean_reward_per_step": -12.237661248609328,
  "mean_length": 400.0,
  "mean_maintain_max_stable": 0.0,
  "stable_success_rate": 0.0,
  "capture_rate": 0.0,
  "mean_abs_theta": 7.784423109390465,
  "mean_abs_theta_dot": 7.560026204974136,
  "mean_abs_alpha": 2.4837286432317485,
  "mean_abs_alpha_dot": 4.59509083835291,
  "mean_abs_pwm": 134.58749999999998,
  "step": 20000,
  "phase": "nominal",
  "stage_name": "smoke_nominal",
  "training_level": 0.0,
  "eval_randomization_level": 0.0
}