{
  "episodes": 2,
  "randomization_level": 0.0,
  "mean_episode_reward": -5808.602976344144,
  "mean_reward_per_step": -14.521507440860358,
  "mean_length": 400.0,
  "mean_maintain_max_stable": 0.0,
  "stable_success_rate": 0.0,
  "capture_rate": 0.0,
  "mean_abs_theta": 7.376453131097905,
  "mean_abs_theta_dot": 7.9204961363016775,
  "mean_abs_alpha": 2.9142838887205356,
  "mean_abs_alpha_dot": 1.3990217318877902,
  "mean_abs_pwm": 120.0,
  "step": 20000,
  "phase": "nominal",
  "stage_name": "smoke_nominal",
  "training_level": 0.0,
  "eval_randomization_level": 0.0
}