{
  "algorithm": "PPO",
  "timesteps": 1000000,
  "total": 2000000,
  "percent": 50.0,
  "fps": 2033.639897701325,
  "elapsed_s": 491.7291409999998,
  "eta_s": 491.7291409999998
}