{
  "algorithm": "PPO",
  "timesteps": 81920,
  "total": 75000,
  "percent": 100.0,
  "fps": 2063.783615875317,
  "elapsed_s": 39.694083899999896,
  "eta_s": 0.0
}