{
  "episodes": 2,
  "randomization_level": 0.5,
  "mean_episode_reward": -5988.230852234396,
  "mean_reward_per_step": -14.97057713058599,
  "mean_length": 400.0,
  "mean_maintain_max_stable": 0.0,
  "stable_success_rate": 0.0,
  "capture_rate": 0.0,
  "mean_abs_theta": 1.6490284619252746,
  "mean_abs_theta_dot": 1.7956769849650516,
  "mean_abs_alpha": 3.097613916200018,
  "mean_abs_alpha_dot": 0.5210565891269521,
  "mean_abs_pwm": 30.0,
  "step": 40000,
  "phase": "randomized",
  "stage_name": "smoke_dr_0.10",
  "training_level": 0.1,
  "eval_randomization_level": 0.5
}