{
  "episodes": 2,
  "randomization_level": 0.5,
  "mean_episode_reward": -4896.024590785595,
  "mean_reward_per_step": -12.240061476963987,
  "mean_length": 400.0,
  "mean_maintain_max_stable": 0.0,
  "stable_success_rate": 0.0,
  "capture_rate": 0.0,
  "mean_abs_theta": 2.9751076614786403,
  "mean_abs_theta_dot": 3.833425010060661,
  "mean_abs_alpha": 2.486478283082152,
  "mean_abs_alpha_dot": 4.758134863186975,
  "mean_abs_pwm": 129.8625,
  "step": 40000,
  "phase": "randomized",
  "stage_name": "smoke_dr_0.10",
  "training_level": 0.1,
  "eval_randomization_level": 0.5
}