{
  "algorithm": "PPO",
  "timesteps": 81920,
  "total": 75000,
  "percent": 100.0,
  "fps": 2165.4874439410123,
  "elapsed_s": 37.829819900000075,
  "eta_s": 0.0
}