global_step,phase,eval_level,mean_reward_per_step,mean_episode_reward,stable_success_rate,capture_rate,mean_maintain_max_stable,mean_length
10000,nominal,0.0,-13.025860555843874,-5210.34422233755,0.0,0.0,0.0,400.0
20000,nominal,0.0,-14.53574114481858,-5814.296457927432,0.0,0.0,0.0,400.0
30000,nominal,0.0,-14.733386784879388,-5893.354713951755,0.0,0.0,0.0,400.0
40000,randomized,0.5,-11.148032631246252,-4459.213052498501,0.0,0.0,0.0,400.0
