{
  "episodes": 2,
  "randomization_level": 0.5,
  "mean_episode_reward": -5970.538872207777,
  "mean_reward_per_step": -14.926347180519443,
  "mean_length": 400.0,
  "mean_maintain_max_stable": 0.0,
  "stable_success_rate": 0.0,
  "capture_rate": 0.0,
  "mean_abs_theta": 3.0682431233216354,
  "mean_abs_theta_dot": 3.4497732873593625,
  "mean_abs_alpha": 3.0758283519412517,
  "mean_abs_alpha_dot": 0.6494942813129716,
  "mean_abs_pwm": 60.0,
  "step": 40000,
  "phase": "randomized",
  "stage_name": "smoke_dr_0.10",
  "training_level": 0.1,
  "eval_randomization_level": 0.5
}