{
  "algorithm": "PPO",
  "timesteps": 1000000,
  "total": 2000000,
  "percent": 50.0,
  "fps": 2855.403654435997,
  "elapsed_s": 350.21318210000027,
  "eta_s": 350.21318210000027
}