{
  "algorithm": "PPO",
  "timesteps": 1000000,
  "total": 2000000,
  "percent": 50.0,
  "fps": 2655.9162464843,
  "elapsed_s": 376.5178971000023,
  "eta_s": 376.5178971000023
}