{
  "algorithm": "PPO",
  "timesteps": 81920,
  "total": 75000,
  "percent": 100.0,
  "fps": 2214.320574466055,
  "elapsed_s": 36.995546600001035,
  "eta_s": 0.0
}