{
  "algorithm": "PPO",
  "timesteps": 81920,
  "total": 75000,
  "percent": 100.0,
  "fps": 2155.068064649627,
  "elapsed_s": 38.01272049999898,
  "eta_s": 0.0
}