{
  "episodes": 2,
  "randomization_level": 0.5,
  "mean_episode_reward": -5640.023645392183,
  "mean_reward_per_step": -14.100059113480459,
  "mean_length": 400.0,
  "mean_maintain_max_stable": 0.0,
  "stable_success_rate": 0.0,
  "capture_rate": 0.0,
  "mean_abs_theta": 6.09027593072822,
  "mean_abs_theta_dot": 6.206343324842129,
  "mean_abs_alpha": 2.80238061089457,
  "mean_abs_alpha_dot": 2.2890794807372337,
  "mean_abs_pwm": 146.175,
  "step": 40000,
  "phase": "randomized",
  "stage_name": "smoke_dr_0.10",
  "training_level": 0.1,
  "eval_randomization_level": 0.5
}