{
  "episodes": 2,
  "randomization_level": 0.5,
  "mean_episode_reward": -4853.06706386483,
  "mean_reward_per_step": -12.132667659662076,
  "mean_length": 400.0,
  "mean_maintain_max_stable": 0.0,
  "stable_success_rate": 0.0,
  "capture_rate": 0.0,
  "mean_abs_theta": 4.309970206827953,
  "mean_abs_theta_dot": 4.980211106600701,
  "mean_abs_alpha": 2.500572719271799,
  "mean_abs_alpha_dot": 4.845553843268532,
  "mean_abs_pwm": 124.0875,
  "step": 40000,
  "phase": "randomized",
  "stage_name": "smoke_dr_0.10",
  "training_level": 0.1,
  "eval_randomization_level": 0.5
}