{
  "algorithm": "PPO",
  "timesteps": 81920,
  "total": 75000,
  "percent": 100.0,
  "fps": 1996.2936683086723,
  "elapsed_s": 41.03604660000019,
  "eta_s": 0.0
}