global_step,phase,eval_level,mean_reward_per_step,mean_episode_reward,stable_success_rate,capture_rate,mean_maintain_max_stable,mean_length
10000,nominal,0.0,-14.931832173353207,-5972.732869341283,0.0,0.0,0.0,400.0
20000,nominal,0.0,-14.928924922119318,-5971.569968847727,0.0,0.0,0.0,400.0
30000,nominal,0.0,-14.552281668041637,-5820.912667216655,0.0,0.0,0.0,400.0
40000,randomized,0.5,-11.68463691708704,-4673.8547668348165,0.0,0.0,0.0,400.0
