{
  "episodes": 2,
  "randomization_level": 0.5,
  "mean_episode_reward": -4964.632091918489,
  "mean_reward_per_step": -12.411580229796224,
  "mean_length": 400.0,
  "mean_maintain_max_stable": 0.0,
  "stable_success_rate": 0.0,
  "capture_rate": 0.0,
  "mean_abs_theta": 0.9322358253975953,
  "mean_abs_theta_dot": 3.144787754578471,
  "mean_abs_alpha": 2.5376208219875878,
  "mean_abs_alpha_dot": 4.546861809959136,
  "mean_abs_pwm": 123.75,
  "step": 40000,
  "phase": "randomized",
  "stage_name": "smoke_dr_0.10",
  "training_level": 0.1,
  "eval_randomization_level": 0.5
}