{
  "episodes": 2,
  "randomization_level": 0.0,
  "mean_episode_reward": -5210.34422233755,
  "mean_reward_per_step": -13.025860555843874,
  "mean_length": 400.0,
  "mean_maintain_max_stable": 0.0,
  "stable_success_rate": 0.0,
  "capture_rate": 0.0,
  "mean_abs_theta": 2.5848287226074946,
  "mean_abs_theta_dot": 2.475734673298801,
  "mean_abs_alpha": 2.6129880629417577,
  "mean_abs_alpha_dot": 4.237336480340593,
  "mean_abs_pwm": 93.1875,
  "step": 10000,
  "phase": "nominal",
  "stage_name": "smoke_nominal",
  "training_level": 0.0,
  "eval_randomization_level": 0.0
}