{
  "algorithm": "PPO",
  "timesteps": 81920,
  "total": 75000,
  "percent": 100.0,
  "fps": 2039.588664960111,
  "elapsed_s": 40.16496139999981,
  "eta_s": 0.0
}