{
  "episodes": 2,
  "randomization_level": 0.5,
  "mean_episode_reward": -5154.638569959747,
  "mean_reward_per_step": -12.886596424899366,
  "mean_length": 400.0,
  "mean_maintain_max_stable": 0.0,
  "stable_success_rate": 0.0,
  "capture_rate": 0.0,
  "mean_abs_theta": 1.4511273702269127,
  "mean_abs_theta_dot": 2.313814615364298,
  "mean_abs_alpha": 2.5584699854256563,
  "mean_abs_alpha_dot": 4.485665049099612,
  "mean_abs_pwm": 127.1625,
  "step": 40000,
  "phase": "randomized",
  "stage_name": "smoke_dr_0.10",
  "training_level": 0.1,
  "eval_randomization_level": 0.5
}