{
  "algorithm": "PPO",
  "timesteps": 500000,
  "total": 2000000,
  "percent": 25.0,
  "fps": 2870.5962608328414,
  "elapsed_s": 174.17984090000027,
  "eta_s": 522.5395227000008
}