{
  "algorithm": "PPO",
  "timesteps": 2007040,
  "total": 2000000,
  "percent": 100.0,
  "fps": 2643.7733468698366,
  "elapsed_s": 759.1573621000025,
  "eta_s": 0.0
}