global_step,phase,eval_level,mean_reward_per_step,mean_episode_reward,stable_success_rate,capture_rate,mean_maintain_max_stable,mean_length
10000,nominal,0.0,-14.58324720781187,-5833.298883124748,0.0,0.0,0.0,400.0
20000,nominal,0.0,-13.516657439871848,-5406.662975948739,0.0,0.0,0.0,400.0
30000,nominal,0.0,-8.909192635326889,-3563.677054130756,0.0,0.0,0.0,400.0
40000,randomized,0.5,-11.964927259061175,-4785.97090362447,0.0,0.0,0.0,400.0
