{
  "episodes": 2,
  "randomization_level": 0.5,
  "mean_episode_reward": -5074.605387977899,
  "mean_reward_per_step": -12.68651346994475,
  "mean_length": 400.0,
  "mean_maintain_max_stable": 0.0,
  "stable_success_rate": 0.0,
  "capture_rate": 0.0,
  "mean_abs_theta": 4.296307298728266,
  "mean_abs_theta_dot": 5.320399630103246,
  "mean_abs_alpha": 2.556662732216915,
  "mean_abs_alpha_dot": 4.0858673467617335,
  "mean_abs_pwm": 137.66250000000002,
  "step": 40000,
  "phase": "randomized",
  "stage_name": "smoke_dr_0.10",
  "training_level": 0.1,
  "eval_randomization_level": 0.5
}