{
  "algorithm": "PPO",
  "timesteps": 81920,
  "total": 75000,
  "percent": 100.0,
  "fps": 2398.9178889032173,
  "elapsed_s": 34.14873029999944,
  "eta_s": 0.0
}