global_step,phase,eval_level,mean_reward_per_step,mean_episode_reward,stable_success_rate,capture_rate,mean_maintain_max_stable,mean_length
10000,nominal,0.0,-14.792046045113288,-5916.818418045315,0.0,0.0,0.0,400.0
20000,nominal,0.0,-14.900851613403592,-5960.340645361437,0.0,0.0,0.0,400.0
30000,nominal,0.0,-14.566861539547185,-5826.744615818874,0.0,0.0,0.0,400.0
40000,randomized,0.5,-14.962230001489626,-5984.89200059585,0.0,0.0,0.0,400.0
