{
  "algorithm": "PPO",
  "timesteps": 81920,
  "total": 75000,
  "percent": 100.0,
  "fps": 2239.2746901806695,
  "elapsed_s": 36.58327420000023,
  "eta_s": 0.0
}