{
  "algorithm": "PPO",
  "timesteps": 81920,
  "total": 75000,
  "percent": 100.0,
  "fps": 2195.290267351562,
  "elapsed_s": 37.31624980000015,
  "eta_s": 0.0
}