{
  "episodes": 2,
  "randomization_level": 0.0,
  "mean_episode_reward": -5425.910116437905,
  "mean_reward_per_step": -13.564775291094763,
  "mean_length": 400.0,
  "mean_maintain_max_stable": 0.0,
  "stable_success_rate": 0.0,
  "capture_rate": 0.0,
  "mean_abs_theta": 1.081129466028826,
  "mean_abs_theta_dot": 2.8553749762012335,
  "mean_abs_alpha": 2.6969682549093674,
  "mean_abs_alpha_dot": 2.8707775444067902,
  "mean_abs_pwm": 104.1,
  "step": 20000,
  "phase": "nominal",
  "stage_name": "smoke_nominal",
  "training_level": 0.0,
  "eval_randomization_level": 0.0
}