{
  "algorithm": "PPO",
  "timesteps": 2000000,
  "total": 2000000,
  "percent": 100.0,
  "fps": 2399.18284628784,
  "elapsed_s": 833.6171639000004,
  "eta_s": 0.0
}