global_step,phase,eval_level,mean_reward_per_step,mean_episode_reward,stable_success_rate,capture_rate,mean_maintain_max_stable,mean_length
10000,nominal,0.0,-14.979454898261622,-5991.78195930465,0.0,0.0,0.0,400.0
20000,nominal,0.0,-14.977207787064378,-5990.883114825751,0.0,0.0,0.0,400.0
30000,nominal,0.0,-14.985043775802454,-5994.017510320982,0.0,0.0,0.0,400.0
40000,randomized,0.5,-14.868824951005413,-5947.529980402165,0.0,0.0,0.0,400.0
