{
  "algorithm": "PPO",
  "timesteps": 500000,
  "total": 2000000,
  "percent": 25.0,
  "fps": 2414.7240643402297,
  "elapsed_s": 207.0629962999992,
  "eta_s": 621.1889888999976
}