global_step,phase,eval_level,mean_reward_per_step,mean_episode_reward,stable_success_rate,capture_rate,mean_maintain_max_stable,mean_length
10000,nominal,0.0,-14.980769091171105,-5992.307636468442,0.0,0.0,0.0,400.0
20000,nominal,0.0,-13.643432671666947,-5457.373068666779,0.0,0.0,0.0,400.0
30000,nominal,0.0,-14.698508259012494,-5879.403303604997,0.0,0.0,0.0,400.0
40000,randomized,0.5,-14.650822388321432,-5860.328955328572,0.0,0.0,0.0,400.0
