{
  "episodes": 2,
  "randomization_level": 0.5,
  "mean_episode_reward": -5626.744384582082,
  "mean_reward_per_step": -14.066860961455202,
  "mean_length": 400.0,
  "mean_maintain_max_stable": 0.0,
  "stable_success_rate": 0.0,
  "capture_rate": 0.0,
  "mean_abs_theta": 6.320590095307004,
  "mean_abs_theta_dot": 6.5296663148029115,
  "mean_abs_alpha": 2.8453233618740628,
  "mean_abs_alpha_dot": 2.020671526480753,
  "mean_abs_pwm": 138.75,
  "step": 40000,
  "phase": "randomized",
  "stage_name": "smoke_dr_0.10",
  "training_level": 0.1,
  "eval_randomization_level": 0.5
}