{
  "episodes": 2,
  "randomization_level": 0.5,
  "mean_episode_reward": -5527.218049047532,
  "mean_reward_per_step": -13.81804512261883,
  "mean_length": 400.0,
  "mean_maintain_max_stable": 0.0,
  "stable_success_rate": 0.0,
  "capture_rate": 0.0,
  "mean_abs_theta": 1.7782762807572814,
  "mean_abs_theta_dot": 2.305250621289658,
  "mean_abs_alpha": 2.698351329805468,
  "mean_abs_alpha_dot": 3.1626589600052153,
  "mean_abs_pwm": 96.44999999999999,
  "step": 40000,
  "phase": "randomized",
  "stage_name": "smoke_dr_0.10",
  "training_level": 0.1,
  "eval_randomization_level": 0.5
}