{
  "algorithm": "PPO",
  "timesteps": 81920,
  "total": 75000,
  "percent": 100.0,
  "fps": 2126.2338440650055,
  "elapsed_s": 38.52821750000112,
  "eta_s": 0.0
}