{
  "episodes": 2,
  "randomization_level": 0.0,
  "mean_episode_reward": -5355.6749685138475,
  "mean_reward_per_step": -13.389187421284618,
  "mean_length": 400.0,
  "mean_maintain_max_stable": 0.0,
  "stable_success_rate": 0.0,
  "capture_rate": 0.0,
  "mean_abs_theta": 9.276249764869544,
  "mean_abs_theta_dot": 9.862300622693432,
  "mean_abs_alpha": 2.6234288635572947,
  "mean_abs_alpha_dot": 1.7362604685581888,
  "mean_abs_pwm": 150.0,
  "step": 30000,
  "phase": "nominal",
  "stage_name": "smoke_nominal",
  "training_level": 0.0,
  "eval_randomization_level": 0.0
}