{
  "algorithm": "PPO",
  "timesteps": 81920,
  "total": 75000,
  "percent": 100.0,
  "fps": 1840.656108340865,
  "elapsed_s": 44.505869200000234,
  "eta_s": 0.0
}