{
  "episodes": 2,
  "randomization_level": 0.5,
  "mean_episode_reward": -4912.997568113874,
  "mean_reward_per_step": -12.282493920284685,
  "mean_length": 400.0,
  "mean_maintain_max_stable": 0.0,
  "stable_success_rate": 0.0,
  "capture_rate": 0.0,
  "mean_abs_theta": 2.0616042673947788,
  "mean_abs_theta_dot": 2.9543646252850637,
  "mean_abs_alpha": 2.468357944561129,
  "mean_abs_alpha_dot": 4.84744060101216,
  "mean_abs_pwm": 127.35,
  "step": 40000,
  "phase": "randomized",
  "stage_name": "smoke_dr_0.10",
  "training_level": 0.1,
  "eval_randomization_level": 0.5
}