{
  "algorithm": "PPO",
  "timesteps": 81920,
  "total": 75000,
  "percent": 100.0,
  "fps": 2223.8696557418016,
  "elapsed_s": 36.83669130000089,
  "eta_s": 0.0
}