{
  "algorithm": "PPO",
  "timesteps": 81920,
  "total": 75000,
  "percent": 100.0,
  "fps": 2166.296708214258,
  "elapsed_s": 37.81568780000089,
  "eta_s": 0.0
}