{
  "episodes": 2,
  "randomization_level": 0.0,
  "mean_episode_reward": -5410.661563969428,
  "mean_reward_per_step": -13.52665390992357,
  "mean_length": 400.0,
  "mean_maintain_max_stable": 0.0,
  "stable_success_rate": 0.0,
  "capture_rate": 0.0,
  "mean_abs_theta": 8.387420496132368,
  "mean_abs_theta_dot": 8.273175420306533,
  "mean_abs_alpha": 2.6663357671995804,
  "mean_abs_alpha_dot": 1.9820925306723,
  "mean_abs_pwm": 139.64999999999998,
  "step": 30000,
  "phase": "nominal",
  "stage_name": "smoke_nominal",
  "training_level": 0.0,
  "eval_randomization_level": 0.0
}