{
  "algorithm": "PPO",
  "timesteps": 81920,
  "total": 75000,
  "percent": 100.0,
  "fps": 1995.731769976315,
  "elapsed_s": 41.04760030000034,
  "eta_s": 0.0
}