{
  "episodes": 2,
  "randomization_level": 0.5,
  "mean_episode_reward": -4673.8547668348165,
  "mean_reward_per_step": -11.68463691708704,
  "mean_length": 400.0,
  "mean_maintain_max_stable": 0.0,
  "stable_success_rate": 0.0,
  "capture_rate": 0.0,
  "mean_abs_theta": 1.6923132639261143,
  "mean_abs_theta_dot": 3.600279731381322,
  "mean_abs_alpha": 2.397392711158057,
  "mean_abs_alpha_dot": 5.329848338414731,
  "mean_abs_pwm": 130.91250000000002,
  "step": 40000,
  "phase": "randomized",
  "stage_name": "smoke_dr_0.10",
  "training_level": 0.1,
  "eval_randomization_level": 0.5
}