global_step,phase,eval_level,mean_reward_per_step,mean_episode_reward,stable_success_rate,capture_rate,mean_maintain_max_stable,mean_length
10000,nominal,0.0,-14.453467345902563,-5781.386938361025,0.0,0.0,0.0,400.0
20000,nominal,0.0,-14.782389552990317,-5912.955821196127,0.0,0.0,0.0,400.0
30000,nominal,0.0,-13.584346241363514,-5433.738496545406,0.0,0.0,0.0,400.0
40000,randomized,0.5,-12.145272917091567,-4858.109166836626,0.0,0.0,0.0,400.0
