{
  "algorithm": "PPO",
  "timesteps": 81920,
  "total": 75000,
  "percent": 100.0,
  "fps": 1994.045146369967,
  "elapsed_s": 41.08231960000012,
  "eta_s": 0.0
}