{
  "algorithm": "PPO",
  "timesteps": 500000,
  "total": 2000000,
  "percent": 25.0,
  "fps": 2531.858766229851,
  "elapsed_s": 197.4833694000008,
  "eta_s": 592.4501082000024
}