{
  "algorithm": "PPO",
  "timesteps": 81920,
  "total": 75000,
  "percent": 100.0,
  "fps": 2015.3965322568274,
  "elapsed_s": 40.64708790000077,
  "eta_s": 0.0
}