{
  "algorithm": "PPO",
  "timesteps": 81920,
  "total": 75000,
  "percent": 100.0,
  "fps": 1926.8036233758487,
  "elapsed_s": 42.51600890000009,
  "eta_s": 0.0
}