{
  "algorithm": "PPO",
  "timesteps": 81920,
  "total": 75000,
  "percent": 100.0,
  "fps": 2155.2732687211333,
  "elapsed_s": 38.00910129999829,
  "eta_s": 0.0
}