{
  "algorithm": "PPO",
  "timesteps": 500000,
  "total": 2000000,
  "percent": 25.0,
  "fps": 2410.5471922649276,
  "elapsed_s": 207.42178439999952,
  "eta_s": 622.2653531999986
}