{
  "algorithm": "PPO",
  "timesteps": 81920,
  "total": 75000,
  "percent": 100.0,
  "fps": 2179.468956532296,
  "elapsed_s": 37.587137799999255,
  "eta_s": 0.0
}