global_step,phase,eval_level,mean_reward_per_step,mean_episode_reward,stable_success_rate,capture_rate,mean_maintain_max_stable,mean_length
10000,nominal,0.0,-13.25522951725789,-5302.091806903156,0.0,0.0,0.0,400.0
20000,nominal,0.0,-13.133648845855234,-5253.459538342093,0.0,0.0,0.0,400.0
30000,nominal,0.0,-14.582971769204578,-5833.188707681831,0.0,0.0,0.0,400.0
40000,randomized,0.5,-13.768350458359107,-5507.340183343643,0.0,0.0,0.0,400.0
