global_step,phase,eval_level,mean_reward_per_step,mean_episode_reward,stable_success_rate,capture_rate,mean_maintain_max_stable,mean_length
10000,nominal,0.0,-14.909078290556433,-5963.631316222573,0.0,0.0,0.0,400.0
20000,nominal,0.0,-14.977015405736163,-5990.806162294465,0.0,0.0,0.0,400.0
30000,nominal,0.0,-14.918595710019767,-5967.438284007907,0.0,0.0,0.0,400.0
40000,randomized,0.5,-14.305420904537481,-5722.168361814993,0.0,0.0,0.0,400.0
