{
  "episodes": 2,
  "randomization_level": 0.5,
  "mean_episode_reward": -4690.254586941217,
  "mean_reward_per_step": -11.725636467353041,
  "mean_length": 400.0,
  "mean_maintain_max_stable": 0.0,
  "stable_success_rate": 0.0,
  "capture_rate": 0.0,
  "mean_abs_theta": 2.3473212600845574,
  "mean_abs_theta_dot": 2.959693514256644,
  "mean_abs_alpha": 2.396173647760469,
  "mean_abs_alpha_dot": 5.343226833918111,
  "mean_abs_pwm": 135.3375,
  "step": 40000,
  "phase": "randomized",
  "stage_name": "smoke_dr_0.10",
  "training_level": 0.1,
  "eval_randomization_level": 0.5
}