{
  "episodes": 2,
  "randomization_level": 0.5,
  "mean_episode_reward": -5828.711720301802,
  "mean_reward_per_step": -14.571779300754507,
  "mean_length": 400.0,
  "mean_maintain_max_stable": 0.0,
  "stable_success_rate": 0.0,
  "capture_rate": 0.0,
  "mean_abs_theta": 4.559289069154774,
  "mean_abs_theta_dot": 4.618615284714192,
  "mean_abs_alpha": 2.878851795523664,
  "mean_abs_alpha_dot": 1.5428639856449773,
  "mean_abs_pwm": 98.925,
  "step": 40000,
  "phase": "randomized",
  "stage_name": "smoke_dr_0.10",
  "training_level": 0.1,
  "eval_randomization_level": 0.5
}