{
  "algorithm": "PPO",
  "timesteps": 81920,
  "total": 75000,
  "percent": 100.0,
  "fps": 2358.332434420542,
  "elapsed_s": 34.736409000001004,
  "eta_s": 0.0
}