{
  "algorithm": "PPO",
  "timesteps": 145232,
  "total": 2000000,
  "percent": 7.2616,
  "fps": 1107.7973165999047,
  "elapsed_s": 131.09979399999975,
  "eta_s": 1674.284611640627
}