{
  "algorithm": "PPO",
  "timesteps": 81920,
  "total": 75000,
  "percent": 100.0,
  "fps": 2032.1143524723502,
  "elapsed_s": 40.312692000001334,
  "eta_s": 0.0
}