global_step,phase,eval_level,mean_reward_per_step,mean_episode_reward,stable_success_rate,capture_rate,mean_maintain_max_stable,mean_length
10000,nominal,0.0,-14.483272843406326,-5793.30913736253,0.0,0.0,0.0,400.0
20000,nominal,0.0,-14.761795631852225,-5904.7182527408895,0.0,0.0,0.0,400.0
30000,nominal,0.0,-14.984998419536005,-5993.999367814402,0.0,0.0,0.0,400.0
40000,randomized,0.5,-13.92006974479439,-5568.0278979177565,0.0,0.0,0.0,400.0
