{
  "algorithm": "PPO",
  "timesteps": 2015232,
  "total": 2000000,
  "percent": 100.0,
  "fps": 1802.4156227495987,
  "elapsed_s": 1118.0728654169943,
  "eta_s": 0.0
}