{
  "algorithm": "PPO",
  "timesteps": 81920,
  "total": 75000,
  "percent": 100.0,
  "fps": 2146.7692464571824,
  "elapsed_s": 38.1596671999996,
  "eta_s": 0.0
}