global_step,phase,eval_level,mean_reward_per_step,mean_episode_reward,stable_success_rate,capture_rate,mean_maintain_max_stable,mean_length
10000,nominal,0.0,-14.802260924094771,-5920.9043696379085,0.0,0.0,0.0,400.0
20000,nominal,0.0,-14.518477330211288,-5807.390932084515,0.0,0.0,0.0,400.0
30000,nominal,0.0,-7.307331127771679,-2922.9324511086716,0.0,0.0,0.0,400.0
40000,randomized,0.5,-12.623370184847978,-5049.348073939192,0.0,0.0,0.0,400.0
