global_step,phase,eval_level,mean_reward_per_step,mean_episode_reward,stable_success_rate,capture_rate,mean_maintain_max_stable,mean_length
10000,nominal,0.0,-14.976569821107747,-5990.627928443098,0.0,0.0,0.0,400.0
20000,nominal,0.0,-14.986953902151779,-5994.781560860712,0.0,0.0,0.0,400.0
30000,nominal,0.0,-8.368743409661764,-3347.497363864705,0.0,0.0,0.0,400.0
40000,randomized,0.5,-11.68259045567884,-4673.036182271536,0.0,0.0,0.0,400.0
