{
  "episodes": 2,
  "randomization_level": 0.5,
  "mean_episode_reward": -5991.041451872326,
  "mean_reward_per_step": -14.977603629680816,
  "mean_length": 400.0,
  "mean_maintain_max_stable": 0.0,
  "stable_success_rate": 0.0,
  "capture_rate": 0.0,
  "mean_abs_theta": 0.6382077788686285,
  "mean_abs_theta_dot": 1.0944748493723133,
  "mean_abs_alpha": 3.083125545962224,
  "mean_abs_alpha_dot": 1.0715734343236565,
  "mean_abs_pwm": 128.85,
  "step": 40000,
  "phase": "randomized",
  "stage_name": "smoke_dr_0.10",
  "training_level": 0.1,
  "eval_randomization_level": 0.5
}