{
  "episodes": 2,
  "randomization_level": 0.5,
  "mean_episode_reward": -5903.34330784775,
  "mean_reward_per_step": -14.758358269619375,
  "mean_length": 400.0,
  "mean_maintain_max_stable": 0.0,
  "stable_success_rate": 0.0,
  "capture_rate": 0.0,
  "mean_abs_theta": 5.651765150743527,
  "mean_abs_theta_dot": 6.146742296463236,
  "mean_abs_alpha": 3.0002786024317407,
  "mean_abs_alpha_dot": 0.9946064880908364,
  "mean_abs_pwm": 150.0,
  "step": 40000,
  "phase": "randomized",
  "stage_name": "smoke_dr_0.10",
  "training_level": 0.1,
  "eval_randomization_level": 0.5
}