global_step,phase,eval_level,mean_reward_per_step,mean_episode_reward,stable_success_rate,capture_rate,mean_maintain_max_stable,mean_length
10000,nominal,0.0,-12.585019900501685,-5034.0079602006745,0.0,0.0,0.0,400.0
20000,nominal,0.0,-13.349659637139467,-5339.863854855787,0.0,0.0,0.0,400.0
30000,nominal,0.0,-14.478202538140831,-5791.2810152563325,0.0,0.0,0.0,400.0
40000,randomized,0.5,-12.132667659662076,-4853.06706386483,0.0,0.0,0.0,400.0
