{
  "episodes": 2,
  "randomization_level": 0.5,
  "mean_episode_reward": -5791.2191238743835,
  "mean_reward_per_step": -14.478047809685961,
  "mean_length": 400.0,
  "mean_maintain_max_stable": 0.0,
  "stable_success_rate": 0.0,
  "capture_rate": 0.0,
  "mean_abs_theta": 7.2549424932991275,
  "mean_abs_theta_dot": 7.667295617348863,
  "mean_abs_alpha": 2.903682057256522,
  "mean_abs_alpha_dot": 1.5411302673166125,
  "mean_abs_pwm": 150.0,
  "step": 40000,
  "phase": "randomized",
  "stage_name": "smoke_dr_0.10",
  "training_level": 0.1,
  "eval_randomization_level": 0.5
}