global_step,phase,eval_level,mean_reward_per_step,mean_episode_reward,stable_success_rate,capture_rate,mean_maintain_max_stable,mean_length
10000,nominal,0.0,-14.938404365731241,-5975.361746292497,0.0,0.0,0.0,400.0
20000,nominal,0.0,-14.870655638605388,-5948.262255442155,0.0,0.0,0.0,400.0
30000,nominal,0.0,-13.295081391217662,-5318.032556487065,0.0,0.0,0.0,400.0
40000,randomized,0.5,-14.977603629680816,-5991.041451872326,0.0,0.0,0.0,400.0
