{
  "algorithm": "PPO",
  "timesteps": 81920,
  "total": 75000,
  "percent": 100.0,
  "fps": 2125.9467479664872,
  "elapsed_s": 38.53342049999992,
  "eta_s": 0.0
}