{
  "episodes": 2,
  "randomization_level": 0.0,
  "mean_episode_reward": -3423.2414404279884,
  "mean_reward_per_step": -8.55810360106997,
  "mean_length": 400.0,
  "mean_maintain_max_stable": 0.0,
  "stable_success_rate": 0.0,
  "capture_rate": 0.0,
  "mean_abs_theta": 3.1875184252146274,
  "mean_abs_theta_dot": 4.311878791654122,
  "mean_abs_alpha": 2.0299047382155884,
  "mean_abs_alpha_dot": 7.931981921656051,
  "mean_abs_pwm": 128.7375,
  "step": 30000,
  "phase": "nominal",
  "stage_name": "smoke_nominal",
  "training_level": 0.0,
  "eval_randomization_level": 0.0
}