{
  "episodes": 2,
  "randomization_level": 0.5,
  "mean_episode_reward": -4459.213052498501,
  "mean_reward_per_step": -11.148032631246252,
  "mean_length": 400.0,
  "mean_maintain_max_stable": 0.0,
  "stable_success_rate": 0.0,
  "capture_rate": 0.0,
  "mean_abs_theta": 1.964312161668147,
  "mean_abs_theta_dot": 2.9540268893103026,
  "mean_abs_alpha": 2.3305465025553067,
  "mean_abs_alpha_dot": 6.202554139453784,
  "mean_abs_pwm": 121.2375,
  "step": 40000,
  "phase": "randomized",
  "stage_name": "smoke_dr_0.10",
  "training_level": 0.1,
  "eval_randomization_level": 0.5
}