{
  "episodes": 2,
  "randomization_level": 0.5,
  "mean_episode_reward": -4249.875992368614,
  "mean_reward_per_step": -10.624689980921534,
  "mean_length": 400.0,
  "mean_maintain_max_stable": 0.0,
  "stable_success_rate": 0.0,
  "capture_rate": 0.0,
  "mean_abs_theta": 1.5437514804144512,
  "mean_abs_theta_dot": 3.1921213439922043,
  "mean_abs_alpha": 2.273196727309438,
  "mean_abs_alpha_dot": 6.7030574961789124,
  "mean_abs_pwm": 148.2,
  "step": 40000,
  "phase": "randomized",
  "stage_name": "smoke_dr_0.10",
  "training_level": 0.1,
  "eval_randomization_level": 0.5
}