global_step,phase,eval_level,mean_reward_per_step,mean_episode_reward,stable_success_rate,capture_rate,mean_maintain_max_stable,mean_length
10000,nominal,0.0,-12.006235193465919,-4802.494077386367,0.0,0.0,0.0,400.0
20000,nominal,0.0,-13.442203910251274,-5376.881564100509,0.0,0.0,0.0,400.0
30000,nominal,0.0,-13.242328031775328,-5296.931212710131,0.0,0.0,0.0,400.0
40000,randomized,0.5,-13.03384724332567,-5213.538897330269,0.0,0.0,0.0,400.0
