{
  "episodes": 2,
  "randomization_level": 0.5,
  "mean_episode_reward": -5936.333369167302,
  "mean_reward_per_step": -14.840833422918255,
  "mean_length": 400.0,
  "mean_maintain_max_stable": 0.0,
  "stable_success_rate": 0.0,
  "capture_rate": 0.0,
  "mean_abs_theta": 4.332320840188447,
  "mean_abs_theta_dot": 4.5261139361757925,
  "mean_abs_alpha": 3.0321782660452072,
  "mean_abs_alpha_dot": 1.1209229664727616,
  "mean_abs_pwm": 90.0,
  "step": 40000,
  "phase": "randomized",
  "stage_name": "smoke_dr_0.10",
  "training_level": 0.1,
  "eval_randomization_level": 0.5
}