{
  "episodes": 2,
  "randomization_level": 0.5,
  "mean_episode_reward": -5081.017234598206,
  "mean_reward_per_step": -12.702543086495517,
  "mean_length": 400.0,
  "mean_maintain_max_stable": 0.0,
  "stable_success_rate": 0.0,
  "capture_rate": 0.0,
  "mean_abs_theta": 0.8924778176885855,
  "mean_abs_theta_dot": 2.4560153150430777,
  "mean_abs_alpha": 2.5374060632569835,
  "mean_abs_alpha_dot": 4.691253449773814,
  "mean_abs_pwm": 108.0375,
  "step": 40000,
  "phase": "randomized",
  "stage_name": "smoke_dr_0.10",
  "training_level": 0.1,
  "eval_randomization_level": 0.5
}