{
  "algorithm": "PPO",
  "timesteps": 81920,
  "total": 75000,
  "percent": 100.0,
  "fps": 2078.4762081989174,
  "elapsed_s": 39.41348939999989,
  "eta_s": 0.0
}