{
  "algorithm": "PPO",
  "timesteps": 81920,
  "total": 75000,
  "percent": 100.0,
  "fps": 2273.297634253944,
  "elapsed_s": 36.03575649999948,
  "eta_s": 0.0
}